,4401
0,
1,0.3796555976644153
2,0.6833800757959475
3,0.7320408600979567
4,0.7452604891370547
5,0.6472223998279082
6,0.6334140826965167
7,0.5809286948620278
8,0.6496329115591107
9,0.6751547917255281
10,0.1786552540938893
11,0.24466694071706768
12,0.21730477422037228
13,0.11920916697579492
14,0.1580205619337673
15,0.3755175384256859
16,0.2690206707750331
17,0.3983832621982929
18,0.5366488869850955
19,0.55281353454775
20,0.628900385647254
21,0.7609487301117333
22,0.47616333128109256
23,0.47616333128109256
24,0.4607842120516264
25,0.24225642898586505
26,0.551772384185751
27,0.5951975215725436
28,0.5997840501598126
29,0.45300147378919015
30,0.6152561487392401
31,0.7404606523700273
32,0.4893101436007288
33,0.5821385830854369
34,0.6800911873139805
35,0.7130044843049327
36,0.7031320066915463
37,0.7761087368124893
38,0.7990846388936742
39,0.7400473708707939
40,0.741232357344811
41,0.7412323573448107
42,0.8061536051678755
43,0.42404625340363894
44,0.3737349252964119
45,0.3737349252964119
46,0.3215991432958269
47,0.40389869849982635
48,0.40389869849982635
49,0.5436510475256567
50,0.5198560631456395
51,0.5425250862599458
52,0.45393924521661905
53,0.45393924521661905
54,0.5958899138631591
55,0.5684485357532841
56,0.5821385830854369
57,0.5731583481234153
58,0.5581750082915445
59,0.8370619127280313
60,0.8680561607899645
61,0.726054376509247
62,0.726054376509247
63,0.6636292097382155
64,0.8212218968532565
65,0.8042230722341678
66,0.567675512698221
67,0.6102658132579245
68,0.7959000026346273
69,0.8830657759658863
70,0.8212218968532565
71,0.5252017673654972
72,0.5982733176076533
73,0.5146442546117631
74,0.5757548249812018
75,0.6080586633552891
76,0.568448535753284
77,0.6326554834908785
78,0.569905079928336
79,0.6326554834908786
80,0.6561305745999307
81,0.7628935254332355
82,0.7390968352499288
83,0.6051596782448356
84,0.5997840501598125
85,0.7006755633702096
86,0.6676838793888408
87,0.5809286948620277
88,0.6152561487392401
89,0.7473916974617614
90,0.7422509200957668
91,0.6334140826965166
92,0.8619721440410061
93,0.5652812487663611
94,0.5091098360001579
95,0.5020076566322328
96,0.5652650009670184
97,0.5652527157355062
98,0.42120572331447564
99,0.5692021006550613
100,0.5695067264573992
101,0.5692021006550614
102,0.5409625349850505
103,0.5961657560107398
104,0.5011358588354264
105,0.4761633312810926
106,0.5022371476368188
107,0.3122724793224125
108,0.6887956604708019
109,0.6364034072266888
110,0.3968996001976577
111,0.33046140460268164
112,0.33046140460268164
113,0.3509850512941974
114,0.218849502571676
115,0.4189866136330057
116,0.6283421073431268
117,0.4548182858596772
118,0.39486681039124993
119,0.4548182858596772
120,0.698379629639749
121,0.6813239231005007
122,0.7269851216306903
123,0.622378173649028
124,0.5893357699904614
125,0.5893357699904614
126,0.4369904689044919
127,0.47955858703375454
128,0.47955858703375454
129,0.4212057233144757
130,0.3968996001976579
131,0.39930972966259287
132,0.2961960879622544
133,0.3239682712356884
134,0.3842414379772118
135,0.509913289020142
136,0.3636838042068187
137,0.357627500927385
138,0.357627500927385
139,0.23437733556384882
140,0.5483914188486
141,0.6283421073431268
142,0.5650609382017818
143,0.47616333128109256
144,0.6026845771641824
145,0.5241239294192471
146,0.4418282410409308
147,0.637650879303766
148,0.643943036509001
149,0.826138584536509
150,0.8026750576370195
151,0.7836073719507741
152,0.7817719397832654
153,0.7458804384263523
154,0.6887956604708018
155,0.5859940677386777
156,0.6496329115591108
157,0.47386640661481155
158,0.5809286948620277
159,0.6102487069682953
160,0.7251190518093862
161,0.8182329521485998
162,0.6945231019200132
163,0.7390968352499288
164,0.7891895396839639
165,0.866426771909399
166,0.6410982220295433
167,0.6564895946846839
168,0.5642567236854296
169,0.6289003856472539
170,0.7232022796531562
171,0.7232022796531562
172,0.7031320066915464
173,0.5683176377121452
174,0.2939347008617774
175,0.3516568355403763
176,0.24466694071706768
177,0.26860882033578865
178,0.339674149874334
179,0.3536528678488413
180,0.8459173297142
181,0.7236182908444949
182,0.7761087368124892
183,0.915459866033398
184,0.896086899025048
185,0.733863904049487
186,0.6230391171836406
187,0.700253657914366
188,0.7130044843049327
189,0.9027366433353876
190,0.7549878930453263
191,0.7002536579143659
192,0.8093470484660056
193,0.675154791725528
194,0.6496329115591107
195,0.699648466329962
196,0.7219730941704037
197,0.6800911873139805
198,0.6800911873139805
199,0.8576382682402268
200,0.8576382682402268
201,0.8053059279931444
202,0.6829254172894363
203,0.7534209442354427
204,0.5022371476368188
205,0.5695067264573991
206,0.49779993602468875
207,0.5026090374675883
208,0.6364034072266888
209,0.733863904049487
210,0.733863904049487
211,0.8631576872354695
212,0.7130044843049327
213,0.7073059291745855
214,0.5847663675338706
215,0.5847663675338706
216,0.7629269629256349
217,0.7470338759864046
218,0.7050746813767712
219,0.7338639040494869
220,0.7626971487342479
221,0.6283421073431268
222,0.8126429965002081
223,0.8126429965002081
224,0.41037856063566125
225,0.6829254172894363
226,0.5695067264573992
227,0.5695067264573992
228,0.6596240572660655
229,0.6534811599213962
230,0.6253341049433054
231,0.6255068339599081
232,0.6326554834908786
233,0.6326554834908786
234,0.8391887393526971
235,0.8061536051678756
236,0.8061536051678756
237,0.7458804384263522
238,0.7458804384263522
239,0.7549878930453263
240,0.8654708520179372
241,0.8009600324197256
242,0.8038437280978595
243,0.6887956604708019
244,0.7700969597097889
245,0.7031320066915464
246,0.8397483753344721
247,0.817487968334122
248,0.8814780112518732
249,0.8764431768362444
250,0.7260543765092469
251,0.548362168088657
252,0.5436510475256568
253,0.5436510475256568
254,0.6253341049433054
255,0.666767775679248
256,0.600783787550441
257,0.7721671128472342
258,0.7549878930453263
259,0.8734799748073787
260,0.8734799748073787
261,0.7308624031113653
262,0.7708859464434742
263,0.71611965570621
264,0.6609094333482081
265,0.6609094333482081
266,0.692492858004936
267,0.692492858004936
268,0.6298753674517995
269,0.5961657560107397
270,0.6575827845326953
271,0.5020076566322327
272,0.45393924521661905
273,0.6575827845326953
274,0.6629192133345297
275,0.5997840501598126
276,0.5960458348789749
277,0.4961536421126271
278,0.45958289640411615
279,0.7260543765092468
280,0.6887956604708017
281,0.7031320066915464
282,0.5997840501598125
283,0.5821385830854369
284,0.7761087368124892
285,0.7527778781741019
286,0.7176772476817187
287,0.7740062347767781
288,0.832938193741414
289,0.7761087368124894
290,0.6713448678498094
291,0.6500457701400664
292,0.5893357699904614
293,0.5893357699904614
294,0.7817719397832654
295,0.812642996500208
296,0.7721671128472342
297,0.6569215018462291
298,0.8182329521485999
299,0.8093470484660057
300,0.8538482159381481
301,0.5020076566322327
302,0.5508026978000301
303,0.5692021006550613
304,0.6361670536733038
305,0.5182770909953526
306,0.42367288531309805
307,0.568317637712145
308,0.6569215018462292
309,0.7338639040494869
310,0.6935720286282303
311,0.8053059279931444
312,0.6772164317213484
313,0.6689578343646755
314,0.6689578343646755
315,0.6327593294406921
316,0.6289003856472538
317,0.55281353454775
318,0.5847663675338706
319,0.568216468572454
320,0.6026845771641824
321,0.6665064936775291
322,0.6813239231005007
323,0.5838834180434497
324,0.6833800757959477
325,0.41340276190125225
326,0.659835732585687
327,0.6665064936775291
328,0.5376984844100727
329,0.5034829888100517
330,0.4974376690280695
331,0.6496329115591107
332,0.8818041025853322
333,0.8370619127280313
334,0.7846215685064584
335,0.5809024411292334
336,0.6914131684596109
337,0.6472223998279082
338,0.580129229887163
339,0.5114532768587631
340,0.6289003856472538
341,0.6255068339599082
342,0.6004410122599134
343,0.37145136926055194
344,0.4420829430924636
345,0.46475156904173687
346,0.537698484410073
347,0.537698484410073
348,0.4450030138466649
349,0.501463879822337
350,0.5897635863050562
351,0.3809458498038511
352,0.40349667100563585
353,0.4590885882251539
354,0.3304614046026815
355,0.5692021006550613
356,0.48366196641937753
357,0.47616333128109245
358,0.5182770909953525
359,0.4762472290489215
360,0.6263490551057788
361,0.580129229887163
362,0.6263490551057788
363,0.4847839457015664
364,0.6051596782448357
365,0.7073059291745856
366,0.6153740650677596
367,0.5757548249812017
368,0.6713448678498096
369,0.7260543765092469
370,0.5366488869850955
371,0.5483621680886569
372,0.5483621680886569
373,0.5961414934936512
374,0.5960458348789748
375,0.5996716473090093
376,0.6080586633552891
377,0.5483621680886569
378,0.6887956604708018
379,0.7549878930453263
380,0.6596240572660654
381,0.5731583481234152
382,0.5581750082915445
383,0.626349055105779
384,0.7219730941704037
385,0.6502242152466368
386,0.6596240572660655
387,0.5731583481234153
388,0.626349055105779
389,0.6153740650677596
390,0.6119403904757476
391,0.6364034072266888
392,0.7434818904150838
393,0.7404606523700271
394,0.7633451765829815
395,0.8654708520179372
396,0.60850264128093
397,0.7521238573050394
398,0.7276781898895096
399,0.7276781898895096
400,0.7276781898895096
401,0.57847533632287
402,0.7338639040494869
403,0.7130044843049327
404,0.6800911873139805
405,0.8681998000370339
406,0.855014100782705
407,0.7716595419103653
408,0.7434818904150837
409,0.8654708520179372
410,0.7626971487342479
411,0.7434818904150837
412,0.7832582437168227
413,0.7434818904150837
414,0.6410982220295433
415,0.7243367152989313
416,0.6983796296397491
417,0.6080586633552891
418,0.6629192133345297
419,0.5652527157355061
420,0.6189918994618605
421,0.6676838793888409
422,0.68345818976726
423,0.6567408938936184
424,0.7006755633702099
425,0.6636292097382155
426,0.7176265498523309
427,0.7817719397832655
428,0.7089013373725218
429,0.8026750576370196
430,0.8026750576370196
431,0.6826960302076712
432,0.7825542242299319
433,0.7236182908444949
434,0.7176265498523309
435,0.698379629639749
436,0.7176265498523309
437,0.8126429965002081
438,0.7832582437168228
439,0.6935168034890625
440,0.6833800757959474
441,0.7716595419103655
442,0.8550141007827049
443,0.5078960154021913
444,0.4349775784753364
445,0.4653255492148289
446,0.2455381610668893
447,0.6673833662207809
448,0.7243367152989311
449,0.5491883743779793
450,0.7028122830282384
451,0.7269851216306903
452,0.7434818904150838
453,0.5491883743779793
454,0.5581934148635589
455,0.580129229887163
456,0.45958289640411615
457,0.5692021006550613
458,0.60850264128093
459,0.5692021006550613
460,0.7232022796531562
461,0.8680561607899645
462,0.6856072716848288
463,0.6667677756792482
464,0.5508026978000301
465,0.5251903800595269
466,0.5034829888100516
467,0.4953783621272046
468,0.660600995132375
469,0.7609487301117331
470,0.5410507062437847
471,0.3962447114987487
472,0.4687546711276976
473,0.43538366046328264
474,0.4925216583671469
475,0.637650879303766
476,0.6442969142974552
477,0.4385174418668192
478,0.4640235082565076
479,0.37352205652415754
480,0.5436510475256568
481,0.5436510475256568
482,0.6534811599213961
483,0.6564895946846839
484,0.6334140826965167
485,0.7675119559508615
486,0.7675119559508615
487,0.8521158969801322
488,0.7031320066915463
489,0.6230391171836406
490,0.6119403904757476
491,0.6887956604708018
492,0.770096959709789
493,0.8009600324197258
494,0.7629269629256349
495,0.7452604891370547
496,0.8449547612158287
497,0.8399893966504773
498,0.8619721440410062
499,0.8085862101178978
500,0.8185696132337922
501,0.8185696132337922
502,0.8818041025853322
503,0.8990452423627169
504,0.7390968352499289
505,0.8893836436397824
506,0.8893836436397824
507,0.778062443457646
508,0.700253657914366
509,0.6667677756792482
510,0.700253657914366
511,0.5997840501598126
512,0.691413168459611
513,0.569905079928336
514,0.569905079928336
515,0.7031320066915464
516,0.7340008221512031
517,0.7444131096586414
518,0.6793278104535143
519,0.7434818904150838
520,0.8308711955484824
521,0.8370619127280313
522,0.7050746813767715
523,0.667683879388841
524,0.5839890332334878
525,0.6751547917255281
526,0.7031320066915464
527,0.7031320066915464
528,0.7176265498523308
529,0.7549913908467016
530,0.691413168459611
531,0.7040075942162234
532,0.7040075942162234
533,0.7040075942162234
534,0.7040075942162234
535,0.7817719397832654
536,0.7470338759864046
537,0.8795272461842827
538,0.8459173297142
539,0.7986276604577959
540,0.6051596782448356
541,0.7817719397832654
542,0.8503587244273375
543,0.8503587244273375
544,0.8061536051678756
545,0.8182329521485998
546,0.8182329521485998
547,0.8370619127280313
548,0.7549878930453263
549,0.6534811599213963
550,0.71611965570621
551,0.6887956604708018
552,0.6561305745999306
553,0.6561305745999306
554,0.6561305745999306
555,0.7260543765092469
556,0.7260543765092469
557,0.7260543765092469
558,0.5831553823660659
559,0.5831553823660659
560,0.5671723276528863
561,0.4762472290489216
562,0.6364034072266888
563,0.6887956604708017
564,0.7390968352499289
565,0.6051596782448356
566,0.5692021006550612
567,0.6080586633552892
568,0.7025850220047055
569,0.7025850220047055
570,0.4900009614773101
571,0.4900009614773101
572,0.6500457701400665
573,0.3965291797828338
574,0.5528135345477501
575,0.5528135345477501
576,0.5528135345477501
577,0.5194282242231177
578,0.6755186128628382
579,0.7422509200957669
580,0.4974376690280695
581,0.48478394570156624
582,0.6917428339420527
583,0.7060993384859734
584,0.7031320066915463
585,0.6284977748387794
586,0.7677479863880399
587,0.8680561607899645
588,0.8352423148617136
589,0.8216892704885694
590,0.826138584536509
591,0.8352423148617137
592,0.749452851104959
593,0.749452851104959
594,0.749452851104959
595,0.7900861369933133
596,0.8360978179187686
597,0.8256306035453408
598,0.8542636189509603
599,0.7866810882194906
600,0.8195591071087203
601,0.8195591071087203
602,0.7970744227031973
603,0.7836073719507741
604,0.8085862101178978
605,0.5997840501598126
606,0.6606009951323751
607,0.6051596782448356
608,0.626349055105779
609,0.626349055105779
610,0.626349055105779
611,0.6496329115591107
612,0.4981599574358053
613,0.5045132906972531
614,0.42001721901450245
615,0.4252845701648824
616,0.3924785295336631
617,0.5982733176076533
618,0.6500457701400665
619,0.6500457701400665
620,0.7243367152989311
621,0.5727083682644045
622,0.5727083682644045
623,0.41705282565545804
624,0.5847663675338706
625,0.6813239231005007
626,0.6334140826965166
627,0.5581934148635589
628,0.5491883743779793
629,0.7521238573050395
630,0.7521238573050395
631,0.8948568254131324
632,0.9372197309417041
633,0.8283107235262143
634,0.7452604891370547
635,0.8012163982055168
636,0.7825542242299319
637,0.8012163982055168
638,0.8212218968532566
639,0.8026750576370195
640,0.7404606523700271
641,0.6702738358229593
642,0.7473916974617615
643,0.8302665957263423
644,0.9040268657462737
645,0.8905595185762779
646,0.7700969597097888
647,0.7422509200957668
648,0.7549878930453263
649,0.7260543765092468
650,0.6887956604708017
651,0.7236182908444949
652,0.8182329521485997
653,0.6051596782448357
654,0.695275536567251
655,0.868199800037034
656,0.7390968352499288
657,0.828310723526214
658,0.7891895396839639
659,0.7891895396839639
660,0.9351522891602033
661,0.8631576872354693
662,0.8216892704885695
663,0.84722354954277
664,0.8053059279931444
665,0.8053059279931444
666,0.84722354954277
667,0.8814780112518733
668,0.7784329935172078
669,0.7784329935172078
670,0.7260543765092469
671,0.8764431768362444
672,0.8764431768362444
673,0.8814780112518732
674,0.8352423148617137
675,0.8009600324197258
676,0.8680561607899645
677,0.8370619127280313
678,0.7937219730941704
679,0.7937219730941704
680,0.8302665957263422
681,0.8576382682402267
682,0.889231373981118
683,0.8576382682402267
684,0.749452851104959
685,0.8053059279931444
686,0.8053059279931444
687,0.8948568254131324
688,0.9027366433353875
689,0.9282511210762332
690,0.9282511210762332
691,0.7846215685064584
692,0.7846215685064584
693,0.6629192133345297
694,0.7846215685064584
695,0.7846215685064584
696,0.6983796296397491
697,0.7470338759864047
698,0.739096835249929
699,0.7867805020402469
700,0.8142291335352532
701,0.8232682793800817
702,0.9282511210762332
703,0.8948568254131322
704,0.7434818904150838
705,0.7677479863880399
706,0.7031320066915463
707,0.7338639040494869
708,0.6080586633552891
709,0.6658968561681329
710,0.7521238573050395
711,0.60850264128093
712,0.6689578343646754
713,0.7308624031113653
714,0.5997840501598126
715,0.5982733176076535
716,0.5409625349850504
717,0.5366488869850955
718,0.6856072716848288
719,0.8009600324197258
720,0.7236182908444949
721,0.7176772476817185
722,0.5425250862599458
723,0.47406168580130187
724,0.47406168580130187
725,0.5997840501598126
726,0.7031320066915464
727,0.8053059279931444
728,0.8009600324197258
729,0.8218628084900994
730,0.8503587244273375
731,0.7031320066915463
732,0.7521238573050395
733,0.811906906678412
734,0.7444164180919656
735,0.47366555518131814
736,0.6636292097382155
737,0.6636292097382155
738,0.6102487069682955
739,0.6361670536733038
740,0.6751547917255281
741,0.8370619127280313
742,0.6996484663299622
743,0.8093470484660056
744,0.7549878930453263
745,0.7422509200957669
746,0.8370619127280313
747,0.8370619127280313
748,0.8459173297142001
749,0.8818041025853322
750,0.8662532800241101
751,0.8662532800241101
752,0.866426771909399
753,0.7404606523700275
754,0.7473916974617615
755,0.5727083682644046
756,0.6596240572660655
757,0.7031320066915463
758,0.6667677756792482
759,0.7974806485766965
760,0.6062827260095544
761,0.6833800757959474
762,0.7220522504935262
763,0.7056919044968256
764,0.7761087368124893
765,0.8521158969801322
766,0.8093470484660056
767,0.8093470484660056
768,0.7628935254332355
769,0.6751547917255281
770,0.6284977748387794
771,0.6284977748387794
772,0.6917428339420529
773,0.7458804384263522
774,0.84722354954277
775,0.8382348872084948
776,0.8344641688305648
777,0.8053059279931444
778,0.7958279500545978
779,0.886008198421034
780,0.8360978179187687
781,0.8085862101178978
782,0.7721671128472342
783,0.7721671128472342
784,0.8053059279931443
785,0.8607934969978304
786,0.8009600324197258
787,0.8009600324197258
788,0.6496329115591107
789,0.7219730941704037
790,0.6289003856472539
791,0.6561305745999306
792,0.6561305745999306
793,0.6561305745999306
794,0.6917428339420529
795,0.5961414934936513
796,0.7549878930453263
797,0.8521158969801322
798,0.8521158969801322
799,0.7832582437168228
800,0.7832582437168228
801,0.8061536051678756
802,0.7761087368124892
803,0.5194282242231177
804,0.6996484663299621
805,0.6496329115591107
806,0.8892313739811178
807,0.7846215685064583
808,0.8654708520179372
809,0.9282511210762332
810,0.9372197309417041
811,0.8218628084900994
812,0.7867805020402469
813,0.7867805020402469
814,0.7867805020402469
815,0.7549913908467016
816,0.7680735093142246
817,0.8026750576370195
818,0.8397483753344721
819,0.8654708520179372
820,0.8261385845365089
821,0.7891895396839639
822,0.7891895396839639
823,0.8061536051678755
824,0.852324702858681
825,0.852324702858681
826,0.7836073719507741
827,0.7836073719507741
828,0.6755186128628381
829,0.5893357699904614
830,0.6080586633552891
831,0.648475121602216
832,0.6945231019200132
833,0.6564895946846839
834,0.6564895946846839
835,0.5315178367301815
836,0.46394680381623543
837,0.5757548249812017
838,0.5011198222313539
839,0.5011198222313539
840,0.5011198222313539
841,0.7176265498523309
842,0.9040268657462737
843,0.8948568254131323
844,0.7626971487342479
845,0.6364034072266888
846,0.5731583481234153
847,0.5731583481234153
848,0.6502242152466368
849,0.6502242152466368
850,0.7171272400327844
851,0.6189491606990484
852,0.6189491606990484
853,0.7473916974617615
854,0.8014951506248769
855,0.8818041025853322
856,0.8818041025853322
857,0.8014951506248769
858,0.8014951506248769
859,0.7158854603305058
860,0.7158854603305056
861,0.7028122830282383
862,0.7772824587133497
863,0.801495150624877
864,0.7366144832006676
865,0.7366144832006676
866,0.647222399827908
867,0.6004157914612103
868,0.6189918994618605
869,0.6898446797386416
870,0.6534811599213963
871,0.5893357699904616
872,0.7434818904150838
873,0.852324702858681
874,0.8308711955484824
875,0.8680561607899645
876,0.8905595185762779
877,0.7422509200957669
878,0.7422509200957669
879,0.7398852264554343
880,0.7351391359527435
881,0.8391887393526972
882,0.7867805020402469
883,0.7677479863880399
884,0.8565022421524664
885,0.7677479863880399
886,0.8232682793800816
887,0.7846215685064584
888,0.8948568254131323
889,0.6404023966286864
890,0.7867805020402467
891,0.7867805020402467
892,0.7700969597097888
893,0.7700969597097888
894,0.7700969597097888
895,0.6636292097382155
896,0.7836073719507742
897,0.7295245616415634
898,0.7444131096586413
899,0.7444131096586413
900,0.7444131096586413
901,0.813459471823022
902,0.8026750576370195
903,0.8308711955484823
904,0.8308711955484823
905,0.7473916974617615
906,0.7473916974617615
907,0.6813239231005007
908,0.7340008221512031
909,0.7444131096586413
910,0.7444131096586413
911,0.7549913908467016
912,0.7157438550555906
913,0.6695395786956366
914,0.6183179715823092
915,0.7121210549888771
916,0.6743207843299598
917,0.7609487301117331
918,0.7056919044968257
919,0.7220522504935262
920,0.7700969597097889
921,0.6636292097382155
922,0.6153740650677597
923,0.7473916974617615
924,0.5538719316580155
925,0.6945231019200134
926,0.6813239231005008
927,0.6983796296397493
928,0.8093470484660056
929,0.8565022421524664
930,0.8734799748073787
931,0.7761087368124894
932,0.7867805020402469
933,0.7867805020402469
934,0.7867805020402469
935,0.6887956604708019
936,0.6887956604708019
937,0.6887956604708019
938,0.789189539683964
939,0.789189539683964
940,0.7628935254332356
941,0.7846215685064584
942,0.789189539683964
943,0.7549878930453263
944,0.7422509200957668
945,0.7260543765092469
946,0.7549878930453263
947,0.8352423148617137
948,0.8948568254131323
949,0.8764431768362444
950,0.852324702858681
951,0.7171272400327844
952,0.6278349460725202
953,0.7452604891370547
954,0.7817719397832655
955,0.7073059291745853
956,0.6433102996794268
957,0.7176265498523309
958,0.7633451765829815
959,0.7056919044968257
960,0.8521158969801321
961,0.6996484663299622
962,0.7700969597097889
963,0.7700969597097889
964,0.8009600324197256
965,0.8009600324197256
966,0.7232022796531562
967,0.7232022796531562
968,0.6917428339420529
969,0.6917428339420529
970,0.6917428339420529
971,0.6917428339420529
972,0.6596240572660655
973,0.5652527157355061
974,0.6080586633552891
975,0.5581750082915445
976,0.5366488869850955
977,0.7232022796531562
978,0.7700969597097888
979,0.7700969597097888
980,0.8093470484660056
981,0.8397483753344721
982,0.8764431768362444
983,0.8182329521485999
984,0.8093470484660056
985,0.8093470484660056
986,0.8521158969801322
987,0.8521158969801322
988,0.8370619127280313
989,0.762697148734248
990,0.8182329521485998
991,0.7891895396839639
992,0.8174879683341219
993,0.48478394570156635
994,0.49000096147731
995,0.6364034072266888
996,0.739096835249929
997,0.762697148734248
998,0.7974806485766968
999,0.6404023966286863
1000,0.6364034072266888
1001,0.5997840501598126
1002,0.5436510475256568
1003,0.5997840501598126
1004,0.700253657914366
1005,0.6361670536733038
1006,0.595889913863159
1007,0.5997840501598125
1008,0.5731583481234152
1009,0.6102487069682954
1010,0.7937219730941704
1011,0.8218628084900993
1012,0.7260543765092468
1013,0.7176265498523308
1014,0.6887956604708018
1015,0.6887956604708018
1016,0.6036401286319363
1017,0.6036401286319363
1018,0.7371318811789099
1019,0.700253657914366
1020,0.700253657914366
1021,0.6935720286282304
1022,0.8009600324197258
1023,0.7549878930453262
1024,0.7260543765092468
1025,0.6102487069682955
1026,0.6534811599213962
1027,0.7171272400327845
1028,0.7171272400327845
1029,0.8232682793800817
1030,0.7338639040494869
1031,0.656921501846229
1032,0.7700969597097888
1033,0.6284977748387796
1034,0.5652527157355062
1035,0.6496329115591107
1036,0.7521238573050394
1037,0.8654708520179372
1038,0.8654708520179372
1039,0.7677479863880399
1040,0.8370619127280314
1041,0.7675119559508614
1042,0.7675119559508614
1043,0.7675119559508614
1044,0.7700969597097888
1045,0.7836073719507741
1046,0.9027366433353877
1047,0.826138584536509
1048,0.8061536051678757
1049,0.7628935254332355
1050,0.7626971487342479
1051,0.7473916974617615
1052,0.5290253595173948
1053,0.6636292097382155
1054,0.6755186128628382
1055,0.599149739771224
1056,0.6534811599213963
1057,0.6983796296397492
1058,0.7176265498523308
1059,0.6051596782448357
1060,0.5859940677386776
1061,0.5859940677386776
1062,0.6051596782448357
1063,0.7521238573050394
1064,0.7521238573050394
1065,0.7521238573050394
1066,0.6713448678498095
1067,0.6713448678498095
1068,0.770420817232746
1069,0.770420817232746
1070,0.7345824393757061
1071,0.7345824393757061
1072,0.6412556053811658
1073,0.7345824393757061
1074,0.6739811188837367
1075,0.6928941941149853
1076,0.6928941941149853
1077,0.8631576872354695
1078,0.9282511210762332
1079,0.8093470484660056
1080,0.7260543765092468
1081,0.7260543765092468
1082,0.7260543765092468
1083,0.7260543765092468
1084,0.7260543765092468
1085,0.8352423148617135
1086,0.8218628084900995
1087,0.8352423148617135
1088,0.8352423148617135
1089,0.8218628084900995
1090,0.8352423148617135
1091,0.8218628084900995
1092,0.8182329521485997
1093,0.8182329521485997
1094,0.8352423148617135
1095,0.866426771909399
1096,0.7521238573050394
1097,0.7521238573050394
1098,0.7025850220047055
1099,0.7521238573050395
1100,0.7276781898895097
1101,0.7276781898895097
1102,0.7521238573050395
1103,0.6085026412809299
1104,0.7521238573050395
1105,0.695275536567251
1106,0.6284977748387796
1107,0.6361670536733038
1108,0.7161196557062101
1109,0.7891895396839639
1110,0.9100627196451347
1111,0.812642996500208
1112,0.811906906678412
1113,0.6800911873139805
1114,0.7338639040494869
1115,0.7675119559508615
1116,0.7521238573050395
1117,0.7521238573050395
1118,0.6500457701400665
1119,0.6500457701400665
1120,0.6500457701400665
1121,0.7073059291745855
1122,0.6945231019200133
1123,0.6945231019200133
1124,0.8352423148617136
1125,0.7006755633702099
1126,0.723618290844495
1127,0.8370619127280314
1128,0.8093470484660056
1129,0.8370619127280314
1130,0.762697148734248
1131,0.813459471823022
1132,0.9196102254538061
1133,0.9196102254538061
1134,0.9196102254538061
1135,0.9196102254538061
1136,0.8093470484660056
1137,0.8093470484660056
1138,0.7700969597097888
1139,0.8009600324197258
1140,0.84722354954277
1141,0.7232022796531562
1142,0.84722354954277
1143,0.6289003856472538
1144,0.6289003856472538
1145,0.7390968352499289
1146,0.8370619127280313
1147,0.7390968352499289
1148,0.7817719397832654
1149,0.7680735093142246
1150,0.8764431768362445
1151,0.8764431768362445
1152,0.6636292097382157
1153,0.6564895946846839
1154,0.6334140826965168
1155,0.47624722904892175
1156,0.5821385830854369
1157,0.772103642524988
1158,0.8068812581768031
1159,0.868199800037034
1160,0.7434818904150842
1161,0.6361670536733038
1162,0.5409625349850504
1163,0.6361670536733038
1164,0.6596240572660655
1165,0.6361670536733038
1166,0.5409625349850504
1167,0.6361670536733038
1168,0.6917428339420529
1169,0.6917428339420529
1170,0.7677479863880399
1171,0.751679733347031
1172,0.751679733347031
1173,0.751679733347031
1174,0.7677479863880399
1175,0.6800911873139805
1176,0.6800911873139805
1177,0.700253657914366
1178,0.7338639040494869
1179,0.7219730941704036
1180,0.666767775679248
1181,0.8352423148617136
1182,0.8352423148617136
1183,0.8565022421524664
1184,0.9027366433353875
1185,0.8948568254131323
1186,0.8576382682402268
1187,0.8948568254131323
1188,0.9282511210762332
1189,0.8654708520179372
1190,0.8654708520179372
1191,0.8397483753344721
1192,0.9119847947180826
1193,0.9372197309417041
1194,0.8860843264640967
1195,0.6996484663299621
1196,0.6404023966286864
1197,0.71611965570621
1198,0.71611965570621
1199,0.6887956604708017
1200,0.71611965570621
1201,0.7260543765092468
1202,0.71076025870425
1203,0.71611965570621
1204,0.71076025870425
1205,0.71076025870425
1206,0.6841947391069605
1207,0.71611965570621
1208,0.6887956604708017
1209,0.6887956604708017
1210,0.71076025870425
1211,0.7458804384263522
1212,0.7412323573448107
1213,0.7412323573448107
1214,0.71611965570621
1215,0.8565022421524664
1216,0.8607934969978304
1217,0.8607934969978304
1218,0.7867805020402469
1219,0.6833800757959474
1220,0.7677479863880399
1221,0.89392568987218
1222,0.8009600324197258
1223,0.8503587244273376
1224,0.8009600324197258
1225,0.9040268657462737
1226,0.8764431768362444
1227,0.8764431768362444
1228,0.9372197309417041
1229,0.8009600324197258
1230,0.8352423148617136
1231,0.9661621092557905
1232,0.9661621092557905
1233,0.8009600324197256
1234,0.8009600324197256
1235,0.7700969597097889
1236,0.7422509200957668
1237,0.8734799748073787
1238,0.8352423148617135
1239,0.8948568254131323
1240,0.9040268657462738
1241,0.8764431768362444
1242,0.7232022796531562
1243,0.6404023966286863
1244,0.8521158969801322
1245,0.7243367152989313
1246,0.7243367152989313
1247,0.7073059291745855
1248,0.7073059291745855
1249,0.8352423148617136
1250,0.7260543765092468
1251,0.6996484663299621
1252,0.7817719397832655
1253,0.8093470484660056
1254,0.8093470484660056
1255,0.8308711955484823
1256,0.8308711955484823
1257,0.8521158969801322
1258,0.8308711955484823
1259,0.8948568254131323
1260,0.9282511210762332
1261,0.7846215685064584
1262,0.8134594718230221
1263,0.8134594718230221
1264,0.8680561607899645
1265,0.8370619127280313
1266,0.8680561607899645
1267,0.8680561607899645
1268,0.8654708520179372
1269,0.8397483753344721
1270,0.7066742558440975
1271,0.7066742558440975
1272,0.7276781898895096
1273,0.7066742558440973
1274,0.6739811188837367
1275,0.6739811188837367
1276,0.6739811188837367
1277,0.8565022421524664
1278,0.7549878930453263
1279,0.89392568987218
1280,0.8232682793800817
1281,0.7801116451224662
1282,0.7521238573050395
1283,0.7031320066915464
1284,0.7031320066915464
1285,0.7031320066915464
1286,0.6596240572660655
1287,0.7700969597097889
1288,0.8093470484660056
1289,0.8948568254131324
1290,0.8680561607899645
1291,0.8370619127280314
1292,0.8370619127280314
1293,0.8093470484660056
1294,0.8370619127280314
1295,0.8370619127280314
1296,0.8370619127280314
1297,0.8370619127280314
1298,0.9282511210762332
1299,0.7677479863880398
1300,0.8053059279931444
1301,0.8053059279931444
1302,0.8053059279931444
1303,0.8053059279931444
1304,0.84722354954277
1305,0.8053059279931444
1306,0.7958279500545978
1307,0.7958279500545978
1308,0.7958279500545978
1309,0.7958279500545978
1310,0.7958279500545978
1311,0.7577174185591649
1312,0.9282511210762332
1313,0.9257590439410628
1314,0.9257590439410628
1315,0.9257590439410628
1316,0.8860081984210341
1317,0.9501535883519685
1318,0.9371316442575556
1319,0.9371316442575556
1320,0.9162298207555472
1321,0.8756803888964043
1322,0.8391887393526972
1323,0.8370619127280312
1324,0.8397483753344721
1325,0.8397483753344721
1326,0.8232682793800816
1327,0.9282511210762332
1328,0.8948568254131323
1329,0.8680561607899645
1330,0.8680561607899645
1331,0.8680561607899645
1332,0.886008198421034
1333,0.886008198421034
1334,0.8370619127280312
1335,0.9040268657462737
1336,0.9040268657462737
1337,0.9372197309417041
1338,0.9040268657462738
1339,0.9351522891602032
1340,0.9351522891602032
1341,0.9154598660333981
1342,0.9154598660333981
1343,0.9154598660333981
1344,0.9372197309417041
1345,0.8521158969801321
1346,0.8893836436397823
1347,0.7836073719507741
1348,0.8085862101178978
1349,0.8085862101178978
1350,0.8085862101178978
1351,0.8085862101178978
1352,0.7609487301117331
1353,0.7609487301117331
1354,0.7470338759864046
1355,0.6743207843299597
1356,0.6664235410796838
1357,0.7295245616415634
1358,0.7138487977104548
1359,0.6983796296397492
1360,0.7006755633702098
1361,0.713848797710455
1362,0.7628935254332355
1363,0.7628935254332355
1364,0.7628935254332355
1365,0.7628935254332355
1366,0.7260543765092469
1367,0.7609487301117331
1368,0.7171272400327844
1369,0.7171272400327844
1370,0.7422509200957669
1371,0.7700969597097888
1372,0.8009600324197258
1373,0.7700969597097889
1374,0.7422509200957668
1375,0.695275536567251
1376,0.8905595185762781
1377,0.8905595185762781
1378,0.8764431768362444
1379,0.6289003856472538
1380,0.7031320066915464
1381,0.7577174185591649
1382,0.7458804384263524
1383,0.852324702858681
1384,0.7458804384263522
1385,0.7549878930453263
1386,0.6636292097382157
1387,0.6636292097382157
1388,0.6826960302076711
1389,0.6887956604708018
1390,0.6887956604708018
1391,0.691742833942053
1392,0.6629192133345297
1393,0.691742833942053
1394,0.691742833942053
1395,0.6629192133345297
1396,0.6569215018462292
1397,0.6569215018462292
1398,0.6569215018462292
1399,0.6569215018462292
1400,0.6569215018462292
1401,0.6284977748387794
1402,0.6284977748387794
1403,0.6284977748387794
1404,0.6569215018462292
1405,0.6569215018462292
1406,0.6569215018462292
1407,0.5997840501598126
1408,0.6284977748387794
1409,0.5997840501598126
1410,0.5997840501598126
1411,0.5997840501598126
1412,0.5997840501598126
1413,0.5997840501598126
1414,0.6284977748387796
1415,0.6596240572660655
1416,0.6917428339420529
1417,0.6596240572660655
1418,0.8764431768362444
1419,0.9282511210762332
1420,0.9282511210762332
1421,0.8948568254131323
1422,0.9282511210762332
1423,0.8948568254131323
1424,0.8734799748073788
1425,0.8565022421524664
1426,0.89392568987218
1427,0.8352423148617137
1428,0.8352423148617137
1429,0.8680561607899645
1430,0.8009600324197258
1431,0.6502242152466368
1432,0.7276781898895096
1433,0.6667677756792482
1434,0.8302665957263422
1435,0.8302665957263422
1436,0.8068812581768031
1437,0.8068812581768031
1438,0.7874370279405657
1439,0.5581750082915445
1440,0.6996484663299621
1441,0.6629192133345297
1442,0.6284977748387794
1443,0.6284977748387794
1444,0.7422509200957668
1445,0.7171272400327844
1446,0.5997840501598126
1447,0.6569215018462291
1448,0.7176772476817185
1449,0.7176772476817185
1450,0.7006755633702098
1451,0.8009600324197258
1452,0.7700969597097889
1453,0.7390968352499288
1454,0.7338639040494869
1455,0.7958279500545978
1456,0.7958279500545978
1457,0.7577174185591649
1458,0.7958279500545978
1459,0.7958279500545978
1460,0.8382348872084947
1461,0.8053059279931444
1462,0.8053059279931444
1463,0.8053059279931444
1464,0.84722354954277
1465,0.8218628084900994
1466,0.8218628084900994
1467,0.8218628084900994
1468,0.8218628084900994
1469,0.8085862101178978
1470,0.8085862101178978
1471,0.8085862101178978
1472,0.8085862101178978
1473,0.8182329521485998
1474,0.8182329521485998
1475,0.8182329521485998
1476,0.7891895396839639
1477,0.8009600324197258
1478,0.8009600324197258
1479,0.8009600324197258
1480,0.8009600324197258
1481,0.8009600324197258
1482,0.8352423148617136
1483,0.8352423148617136
1484,0.8352423148617136
1485,0.8216892704885693
1486,0.7847533632286994
1487,0.8352423148617136
1488,0.8352423148617136
1489,0.778062443457646
1490,0.778062443457646
1491,0.8053059279931444
1492,0.8053059279931444
1493,0.7677479863880399
1494,0.733863904049487
1495,0.7677479863880399
1496,0.8232682793800816
1497,0.8565022421524664
1498,0.8232682793800816
1499,0.8232682793800816
1500,0.7677479863880399
1501,0.7006755633702098
1502,0.7817719397832654
1503,0.6898446797386416
1504,0.7486909352943498
1505,0.8182329521485998
1506,0.7700969597097889
1507,0.7914666111207492
1508,0.8391887393526974
1509,0.7176265498523308
1510,0.7609487301117333
1511,0.7171272400327845
1512,0.7073059291745855
1513,0.7243367152989313
1514,0.626349055105779
1515,0.6119403904757476
1516,0.7473916974617614
1517,0.7473916974617614
1518,0.7473916974617614
1519,0.6887956604708017
1520,0.6887956604708017
1521,0.6326554834908786
1522,0.6751547917255281
1523,0.6751547917255281
1524,0.6751547917255281
1525,0.8009600324197258
1526,0.8009600324197258
1527,0.8352423148617136
1528,0.9664453714461827
1529,0.9372197309417041
1530,0.8352423148617136
1531,0.7458804384263523
1532,0.7458804384263523
1533,0.7458804384263523
1534,0.7458804384263523
1535,0.7412323573448107
1536,0.7577174185591649
1537,0.7577174185591649
1538,0.6294266386972958
1539,0.6294266386972958
1540,0.6294266386972958
1541,0.5731583481234153
1542,0.5731583481234153
1543,0.71611965570621
1544,0.7444164180919657
1545,0.6713448678498095
1546,0.6713448678498095
1547,0.695275536567251
1548,0.695275536567251
1549,0.6119403904757476
1550,0.5581750082915445
1551,0.5821385830854369
1552,0.5581750082915445
1553,0.5581750082915445
1554,0.5581750082915445
1555,0.5821385830854369
1556,0.5821385830854369
1557,0.5821385830854369
1558,0.6364034072266889
1559,0.733863904049487
1560,0.7577174185591649
1561,0.6561305745999306
1562,0.7232022796531562
1563,0.7232022796531562
1564,0.6667677756792482
1565,0.6667677756792482
1566,0.6667677756792482
1567,0.7371318811789099
1568,0.6502242152466368
1569,0.6713448678498095
1570,0.7516797333470312
1571,0.908409334147645
1572,0.6502242152466369
1573,0.6502242152466369
1574,0.6502242152466369
1575,0.6230391171836406
1576,0.6230391171836406
1577,0.6230391171836406
1578,0.7700969597097888
1579,0.9119847947180826
1580,0.9372197309417041
1581,0.9372197309417041
1582,0.8680561607899645
1583,0.9282511210762332
1584,0.9282511210762332
1585,0.8370619127280313
1586,0.8370619127280313
1587,0.8370619127280313
1588,0.8370619127280313
1589,0.8521158969801321
1590,0.7260543765092468
1591,0.7784329935172078
1592,0.71076025870425
1593,0.9266999386509225
1594,0.9154598660333981
1595,0.826138584536509
1596,0.9664453714461827
1597,0.9664453714461827
1598,0.9119847947180826
1599,0.9119847947180826
1600,0.9119847947180826
1601,0.9119847947180826
1602,0.7874370279405657
1603,0.8302665957263421
1604,0.8576382682402267
1605,1.0
1606,1.0
1607,1.0
1608,1.0
1609,0.9040268657462737
1610,0.9040268657462737
1611,0.8734799748073788
1612,0.9027366433353875
1613,0.9027366433353875
1614,0.9027366433353875
1615,0.8218628084900994
1616,0.7958279500545978
1617,0.8939256898721798
1618,0.8734799748073788
1619,0.8734799748073788
1620,0.7891895396839639
1621,0.789189539683964
1622,0.6080586633552891
1623,0.6361670536733038
1624,0.6361670536733038
1625,0.5652527157355061
1626,0.5652527157355061
1627,0.7176772476817185
1628,0.6856072716848288
1629,0.7176772476817185
1630,0.7176772476817185
1631,0.7398852264554342
1632,0.71611965570621
1633,0.7891895396839639
1634,0.71611965570621
1635,0.71611965570621
1636,0.7458804384263522
1637,0.6326554834908786
1638,0.71611965570621
1639,0.71611965570621
1640,0.71611965570621
1641,0.7260543765092468
1642,0.7260543765092468
1643,0.8521158969801322
1644,0.7260543765092468
1645,0.7260543765092468
1646,0.7260543765092468
1647,0.8009600324197258
1648,0.8009600324197258
1649,0.8009600324197258
1650,0.8009600324197258
1651,0.9372197309417041
1652,0.9351522891602034
1653,0.9119847947180826
1654,0.9119847947180826
1655,0.8370619127280314
1656,0.8654708520179372
1657,0.8948568254131324
1658,0.839748375334472
1659,0.839748375334472
1660,0.839748375334472
1661,0.839748375334472
1662,0.8654708520179372
1663,0.839748375334472
1664,0.8134594718230221
1665,0.7835035058546774
1666,0.7835035058546774
1667,0.7404606523700275
1668,0.8308711955484824
1669,0.8308711955484824
1670,0.8905595185762781
1671,0.8397483753344721
1672,0.8397483753344721
1673,0.7422509200957668
1674,0.8654708520179372
1675,0.8654708520179372
1676,0.8654708520179372
1677,0.8654708520179372
1678,0.8654708520179372
1679,0.7066742558440973
1680,0.7073059291745855
1681,0.6051596782448356
1682,0.5491883743779793
1683,0.5376984844100727
1684,0.6751547917255281
1685,0.908409334147645
1686,0.8576382682402267
1687,0.7832582437168228
1688,0.7832582437168228
1689,0.8860843264640967
1690,0.8729186056166605
1691,0.6496329115591107
1692,0.6496329115591107
1693,0.6496329115591107
1694,0.783258243716823
1695,0.8681998000370339
1696,0.6713448678498094
1697,0.6713448678498094
1698,0.8174879683341219
1699,0.8397483753344719
1700,0.6080586633552891
1701,0.6361670536733038
1702,0.6502242152466368
1703,0.811906906678412
1704,0.7521238573050396
1705,0.7675119559508615
1706,0.7675119559508615
1707,0.7675119559508615
1708,0.7675119559508615
1709,0.7675119559508615
1710,0.7675119559508615
1711,0.839748375334472
1712,0.8174879683341219
1713,0.7516797333470312
1714,0.7171272400327844
1715,0.8576382682402267
1716,0.8892313739811181
1717,0.7444164180919657
1718,0.7243367152989313
1719,0.7243367152989313
1720,0.7171272400327845
1721,0.7444164180919657
1722,0.7243367152989313
1723,0.7171272400327845
1724,0.8302665957263423
1725,0.8232682793800817
1726,0.8232682793800817
1727,0.8232682793800817
1728,0.7937219730941703
1729,0.7801116451224662
1730,0.8068812581768032
1731,0.8068812581768032
1732,0.7073059291745856
1733,0.7073059291745856
1734,0.6410982220295433
1735,0.6152561487392401
1736,0.6410982220295433
1737,0.6410982220295433
1738,0.6410982220295433
1739,0.656489594684684
1740,0.6945231019200134
1741,0.7521238573050395
1742,0.7801116451224662
1743,0.7269851216306903
1744,0.713334641413154
1745,0.7269851216306903
1746,0.7243367152989311
1747,0.7243367152989311
1748,0.8302665957263422
1749,0.868199800037034
1750,0.868199800037034
1751,0.772103642524988
1752,0.772103642524988
1753,0.7422509200957669
1754,0.7066742558440975
1755,0.8654708520179372
1756,0.8397483753344721
1757,0.7171272400327845
1758,0.813459471823022
1759,0.813459471823022
1760,0.828310723526214
1761,0.9435393052064832
1762,0.9664453714461827
1763,0.7700969597097889
1764,0.569905079928336
1765,0.8009600324197256
1766,0.71611965570621
1767,0.71076025870425
1768,0.71076025870425
1769,0.8109943096421443
1770,0.8109943096421443
1771,0.8109943096421443
1772,0.7867805020402469
1773,0.8352423148617136
1774,0.8142291335352532
1775,0.8232682793800816
1776,0.8232682793800816
1777,0.8565022421524664
1778,0.8565022421524664
1779,0.8352423148617136
1780,0.8352423148617136
1781,0.7549878930453264
1782,0.7549878930453264
1783,0.7260543765092469
1784,0.7260543765092469
1785,0.6364034072266889
1786,0.7675119559508615
1787,0.7937219730941703
1788,0.7422509200957668
1789,0.6755186128628381
1790,0.7675119559508615
1791,0.8370619127280314
1792,0.6230391171836406
1793,0.6230391171836406
1794,0.6230391171836406
1795,0.6080586633552891
1796,0.695275536567251
1797,0.6713448678498094
1798,0.695275536567251
1799,0.8302665957263421
1800,0.7219730941704037
1801,0.8860843264640967
1802,0.9084093341476449
1803,0.9084093341476449
1804,0.889231373981118
1805,0.9254740634682672
1806,0.7900861369933132
1807,0.749452851104959
1808,0.889231373981118
1809,0.8576382682402268
1810,0.8680561607899645
1811,0.8680561607899645
1812,0.7937219730941704
1813,0.7846215685064581
1814,0.7846215685064581
1815,0.7817719397832654
1816,0.7817719397832654
1817,0.7390968352499288
1818,0.7390968352499288
1819,0.7422509200957667
1820,0.915459866033398
1821,0.915459866033398
1822,0.8061536051678756
1823,0.8814780112518731
1824,0.8061536051678756
1825,0.8061536051678756
1826,0.8061536051678756
1827,0.8061536051678756
1828,0.8061536051678756
1829,0.8061536051678756
1830,0.8061536051678756
1831,0.8182329521485997
1832,0.8061536051678756
1833,0.8061536051678756
1834,0.8061536051678756
1835,0.8061536051678756
1836,0.8061536051678756
1837,0.8061536051678756
1838,0.8061536051678756
1839,0.675154791725528
1840,0.675154791725528
1841,0.675154791725528
1842,0.675154791725528
1843,0.675154791725528
1844,0.8174879683341217
1845,0.8174879683341217
1846,0.8174879683341217
1847,0.8174879683341217
1848,0.7986276604577959
1849,0.9196102254538059
1850,0.9351522891602032
1851,0.9372197309417041
1852,0.9372197309417041
1853,0.9196102254538059
1854,0.7891895396839639
1855,0.9196102254538059
1856,0.8218628084900994
1857,0.8061536051678756
1858,0.8061536051678756
1859,0.7549878930453262
1860,0.73713188117891
1861,0.7549878930453262
1862,0.7549878930453262
1863,0.7549878930453262
1864,0.7549878930453262
1865,0.6636292097382155
1866,0.5146442546117631
1867,0.5251903800595269
1868,0.5251903800595269
1869,0.39689960019765774
1870,0.47386640661481155
1871,0.5022371476368188
1872,0.7700969597097889
1873,0.786780502040247
1874,0.7700969597097889
1875,0.7700969597097889
1876,0.7700969597097889
1877,0.7422509200957668
1878,0.7422509200957668
1879,0.7422509200957668
1880,0.6996484663299621
1881,0.6996484663299621
1882,0.5581750082915445
1883,0.5581750082915445
1884,0.5581750082915445
1885,0.5581750082915445
1886,0.6230391171836406
1887,0.6739811188837367
1888,0.8232682793800817
1889,0.7846215685064584
1890,0.7846215685064584
1891,0.8093470484660056
1892,0.7422509200957668
1893,0.8459173297142
1894,0.8459173297142
1895,0.8459173297142
1896,0.8093470484660056
1897,0.8093470484660056
1898,0.8093470484660056
1899,0.7700969597097889
1900,0.7700969597097889
1901,0.7700969597097889
1902,0.8026750576370194
1903,0.8449547612158287
1904,0.8459173297142
1905,0.8093470484660056
1906,0.8459173297142
1907,0.8459173297142
1908,0.8459173297142
1909,0.8459173297142
1910,0.8459173297142
1911,0.8459173297142
1912,0.8459173297142
1913,0.8459173297142
1914,0.8459173297142
1915,0.8459173297142
1916,0.8459173297142
1917,0.8459173297142
1918,0.8459173297142
1919,0.8459173297142
1920,0.8459173297142
1921,0.8459173297142
1922,0.8459173297142
1923,0.8459173297142
1924,0.8459173297142
1925,0.8459173297142
1926,0.8459173297142
1927,0.8459173297142
1928,0.8459173297142
1929,0.8459173297142
1930,0.8459173297142
1931,0.9196102254538059
1932,0.9100627196451346
1933,0.9100627196451346
1934,0.9100627196451346
1935,0.9100627196451346
1936,0.9100627196451346
1937,0.9100627196451346
1938,0.9196102254538059
1939,0.9196102254538059
1940,0.9196102254538059
1941,0.9196102254538059
1942,0.9196102254538059
1943,0.9196102254538059
1944,0.8764431768362444
1945,0.8764431768362444
1946,0.8764431768362444
1947,0.789189539683964
1948,0.789189539683964
1949,0.789189539683964
1950,0.789189539683964
1951,0.826138584536509
1952,0.740460652370027
1953,0.8370619127280313
1954,0.8370619127280313
1955,0.8370619127280313
1956,0.8370619127280313
1957,0.8370619127280313
1958,0.8009600324197258
1959,0.9661621092557905
1960,0.9661621092557905
1961,0.9416540216216133
1962,0.9416540216216133
1963,0.9416540216216133
1964,0.9661621092557905
1965,0.9416540216216133
1966,0.8814780112518732
1967,0.9447230703551467
1968,0.8182329521485998
1969,0.8503587244273375
1970,0.8503587244273375
1971,0.8503587244273375
1972,0.8503587244273375
1973,0.8503587244273375
1974,0.9709918187645163
1975,0.9709918187645163
1976,0.9040268657462738
1977,0.9040268657462738
1978,0.9040268657462738
1979,0.9282511210762332
1980,0.9282511210762332
1981,0.9435393052064833
1982,0.8654708520179372
1983,0.9664453714461827
1984,0.9282511210762332
1985,0.9282511210762332
1986,0.9664453714461827
1987,0.9664453714461827
1988,0.9664453714461827
1989,0.9664453714461827
1990,0.9664453714461827
1991,0.9664453714461827
1992,0.9702309718090615
1993,0.9416540216216133
1994,0.9661621092557903
1995,0.9362292374776257
1996,0.9661621092557905
1997,0.910064078196093
1998,0.910064078196093
1999,0.910064078196093
2000,0.9027366433353875
2001,0.9362292374776257
2002,0.9027366433353875
2003,0.9351522891602033
2004,0.9351522891602033
2005,0.8503587244273375
2006,0.9351522891602033
2007,0.9027366433353875
2008,0.9027366433353875
2009,0.8860081984210341
2010,0.8960868990250482
2011,0.8960868990250482
2012,0.9351522891602033
2013,0.9040268657462738
2014,0.9351522891602033
2015,0.9040268657462738
2016,0.9040268657462738
2017,0.9298315024112007
2018,0.9526287027430557
2019,0.9526287027430557
2020,0.9298315024112008
2021,0.9298315024112008
2022,0.9709918187645162
2023,0.9709918187645162
2024,0.9709918187645162
2025,0.9709918187645162
2026,0.9435393052064832
2027,0.9196102254538059
2028,0.8764431768362445
2029,0.8026750576370195
2030,0.8026750576370195
2031,0.8212218968532565
2032,0.8212218968532565
2033,0.8212218968532565
2034,0.9196102254538059
2035,0.9196102254538059
2036,0.9196102254538059
2037,0.9435393052064832
2038,0.9435393052064832
2039,0.9282511210762332
2040,0.9282511210762332
2041,0.89392568987218
2042,0.89392568987218
2043,0.89392568987218
2044,0.9362292374776257
2045,0.8565022421524664
2046,0.89392568987218
2047,0.8232682793800816
2048,0.8232682793800816
2049,0.8232682793800816
2050,0.8565022421524664
2051,0.89392568987218
2052,0.9362292374776257
2053,0.89392568987218
2054,0.8232682793800816
2055,0.8232682793800816
2056,0.8232682793800816
2057,0.8232682793800816
2058,0.8053059279931443
2059,0.8939256898721799
2060,0.8939256898721799
2061,0.8939256898721799
2062,0.8232682793800815
2063,0.8565022421524664
2064,0.8232682793800815
2065,0.8948568254131323
2066,0.8948568254131323
2067,0.8948568254131323
2068,0.8948568254131323
2069,0.8948568254131323
2070,0.8948568254131323
2071,0.8948568254131323
2072,0.8948568254131323
2073,0.8948568254131323
2074,0.8948568254131323
2075,0.8654708520179372
2076,0.8654708520179372
2077,0.8654708520179372
2078,0.8654708520179372
2079,0.8654708520179372
2080,0.8654708520179372
2081,0.8948568254131323
2082,0.8948568254131323
2083,0.8948568254131323
2084,0.8948568254131323
2085,0.8948568254131323
2086,0.8948568254131323
2087,0.9282511210762332
2088,0.9282511210762332
2089,0.9282511210762332
2090,0.9282511210762332
2091,0.9282511210762332
2092,0.9282511210762332
2093,0.8948568254131323
2094,0.8948568254131323
2095,0.8948568254131323
2096,0.7521238573050395
2097,0.7276781898895096
2098,0.7677479863880399
2099,0.7338639040494869
2100,0.7677479863880399
2101,0.7677479863880399
2102,0.7338639040494869
2103,0.7338639040494869
2104,0.7338639040494869
2105,0.8053059279931443
2106,0.7338639040494869
2107,0.7338639040494869
2108,0.7338639040494869
2109,0.7338639040494869
2110,0.7338639040494869
2111,0.7031320066915463
2112,0.7338639040494869
2113,0.7677479863880399
2114,0.7677479863880399
2115,0.8053059279931444
2116,0.8053059279931444
2117,0.8053059279931444
2118,0.8053059279931444
2119,0.8053059279931444
2120,0.8053059279931444
2121,0.8352423148617136
2122,0.8352423148617136
2123,0.8352423148617136
2124,0.8352423148617136
2125,0.8352423148617136
2126,0.8053059279931444
2127,0.8352423148617136
2128,0.8352423148617136
2129,0.8352423148617136
2130,0.8352423148617136
2131,0.8352423148617136
2132,0.8352423148617136
2133,0.8352423148617136
2134,0.8352423148617136
2135,0.8352423148617136
2136,0.8352423148617136
2137,0.8009600324197258
2138,0.8009600324197258
2139,0.8352423148617136
2140,0.8009600324197258
2141,0.8009600324197258
2142,0.8009600324197258
2143,0.8009600324197258
2144,0.8009600324197258
2145,0.8009600324197258
2146,0.8009600324197258
2147,0.7958279500545978
2148,0.7677479863880399
2149,0.8948568254131323
2150,0.9372197309417041
2151,0.9372197309417041
2152,0.7801116451224661
2153,0.7345824393757061
2154,0.811906906678412
2155,0.811906906678412
2156,0.811906906678412
2157,0.811906906678412
2158,0.7025850220047056
2159,0.7025850220047056
2160,0.7025850220047056
2161,0.7345824393757061
2162,0.7345824393757061
2163,0.7025850220047056
2164,0.7025850220047056
2165,0.7025850220047056
2166,0.8232682793800816
2167,0.8352423148617136
2168,0.8232682793800816
2169,0.8352423148617136
2170,0.8680561607899645
2171,0.8948568254131323
2172,0.8948568254131323
2173,0.8948568254131323
2174,0.9282511210762332
2175,0.9282511210762332
2176,0.9282511210762332
2177,0.9282511210762332
2178,0.9282511210762332
2179,0.8948568254131323
2180,0.9282511210762332
2181,0.9027366433353877
2182,0.9416540216216133
2183,0.9416540216216133
2184,0.9416540216216133
2185,0.9282511210762332
2186,0.9282511210762332
2187,0.8948568254131323
2188,0.8948568254131323
2189,0.8948568254131323
2190,0.8948568254131323
2191,0.9282511210762332
2192,0.9282511210762332
2193,0.9282511210762332
2194,0.8565022421524664
2195,0.8565022421524664
2196,0.749452851104959
2197,0.889231373981118
2198,0.889231373981118
2199,0.7900861369933132
2200,0.778062443457646
2201,0.749452851104959
2202,0.749452851104959
2203,0.889231373981118
2204,0.889231373981118
2205,0.889231373981118
2206,0.889231373981118
2207,0.889231373981118
2208,0.889231373981118
2209,0.889231373981118
2210,0.889231373981118
2211,0.889231373981118
2212,0.8939256898721799
2213,0.8939256898721799
2214,0.8939256898721799
2215,0.8939256898721799
2216,0.8939256898721799
2217,0.8939256898721799
2218,0.8939256898721799
2219,0.8939256898721799
2220,0.8939256898721799
2221,0.6689578343646755
2222,0.6689578343646755
2223,0.6689578343646755
2224,0.6772164317213484
2225,0.811906906678412
2226,0.811906906678412
2227,0.7801116451224662
2228,0.7521238573050394
2229,0.7801116451224662
2230,0.6412556053811659
2231,0.6412556053811659
2232,0.60850264128093
2233,0.60850264128093
2234,0.7521238573050394
2235,0.9027366433353877
2236,0.8948568254131323
2237,0.9351522891602033
2238,0.9351522891602033
2239,0.8218628084900994
2240,0.8218628084900994
2241,0.8218628084900994
2242,0.8218628084900994
2243,0.7260543765092468
2244,0.5997840501598126
2245,0.5652527157355061
2246,0.5997840501598126
2247,0.5997840501598126
2248,0.6667677756792482
2249,0.6596240572660655
2250,0.7516797333470311
2251,0.7516797333470311
2252,0.6596240572660655
2253,0.6596240572660655
2254,0.6596240572660655
2255,0.6596240572660655
2256,0.6361670536733038
2257,0.6496329115591107
2258,0.6496329115591107
2259,0.5821385830854369
2260,0.5581750082915445
2261,0.7521238573050395
2262,0.7521238573050395
2263,0.7521238573050395
2264,0.8576382682402268
2265,0.8576382682402268
2266,0.7521238573050395
2267,0.7025850220047056
2268,0.7025850220047056
2269,0.7025850220047056
2270,0.7025850220047056
2271,0.7025850220047056
2272,0.7025850220047056
2273,0.8734799748073787
2274,0.7958279500545978
2275,0.7958279500545978
2276,0.7577174185591649
2277,0.7308624031113654
2278,0.7577174185591649
2279,0.7577174185591649
2280,0.7577174185591649
2281,0.7577174185591649
2282,0.733863904049487
2283,0.733863904049487
2284,0.8053059279931443
2285,0.778062443457646
2286,0.8053059279931443
2287,0.8939256898721799
2288,0.8939256898721799
2289,0.8053059279931443
2290,0.8182329521485997
2291,0.8503587244273375
2292,0.8503587244273375
2293,0.8182329521485998
2294,0.6755186128628381
2295,0.8026750576370195
2296,0.7817719397832653
2297,0.7390968352499288
2298,0.7390968352499288
2299,0.8680561607899645
2300,0.8370619127280312
2301,0.8680561607899645
2302,0.8680561607899645
2303,0.8680561607899645
2304,0.8680561607899645
2305,0.8680561607899645
2306,0.8680561607899645
2307,0.8680561607899645
2308,0.7700969597097888
2309,0.7422509200957668
2310,0.7700969597097888
2311,0.7700969597097888
2312,0.7700969597097888
2313,0.7700969597097888
2314,0.7700969597097888
2315,0.7700969597097888
2316,0.7700969597097888
2317,0.7937219730941704
2318,0.7937219730941704
2319,0.7937219730941704
2320,0.7937219730941704
2321,0.7937219730941704
2322,0.7937219730941704
2323,0.7700969597097888
2324,0.7700969597097888
2325,0.7494528511049589
2326,0.7847533632286994
2327,0.7847533632286994
2328,0.7675119559508615
2329,0.7847533632286994
2330,0.7847533632286994
2331,0.7847533632286994
2332,0.811906906678412
2333,0.9661621092557905
2334,0.9661621092557905
2335,0.9661621092557905
2336,0.9661621092557905
2337,0.9661621092557905
2338,0.9661621092557905
2339,0.9661621092557905
2340,0.9661621092557905
2341,0.9362292374776257
2342,0.9362292374776257
2343,0.9351522891602032
2344,0.9351522891602032
2345,0.9351522891602032
2346,0.9351522891602032
2347,0.9351522891602032
2348,0.9040268657462737
2349,0.9040268657462737
2350,0.9040268657462737
2351,0.9040268657462737
2352,0.9040268657462737
2353,0.9040268657462737
2354,0.826138584536509
2355,0.8026750576370195
2356,0.8026750576370195
2357,0.8026750576370195
2358,0.7817719397832654
2359,0.7817719397832654
2360,0.8026750576370195
2361,0.8026750576370195
2362,0.8026750576370195
2363,0.8026750576370195
2364,0.8026750576370195
2365,0.8085862101178977
2366,0.8085862101178977
2367,0.8085862101178977
2368,0.826138584536509
2369,0.826138584536509
2370,0.826138584536509
2371,0.826138584536509
2372,0.826138584536509
2373,0.826138584536509
2374,0.8085862101178977
2375,0.7836073719507742
2376,0.7486909352943497
2377,0.7628935254332355
2378,0.7628935254332355
2379,0.8026750576370196
2380,0.8764431768362444
2381,0.8764431768362444
2382,0.8990452423627168
2383,0.8521158969801322
2384,0.8521158969801322
2385,0.8093470484660056
2386,0.8093470484660056
2387,0.8764431768362444
2388,0.8093470484660056
2389,0.839748375334472
2390,0.839748375334472
2391,0.7626971487342479
2392,0.8654708520179372
2393,0.8654708520179372
2394,0.8654708520179372
2395,0.8654708520179372
2396,0.8654708520179372
2397,0.7846215685064583
2398,0.7626971487342479
2399,0.7626971487342479
2400,0.7626971487342479
2401,0.7626971487342479
2402,0.7846215685064584
2403,0.7846215685064584
2404,0.7846215685064584
2405,0.8093470484660056
2406,0.8093470484660056
2407,0.8093470484660056
2408,0.8093470484660056
2409,0.8093470484660056
2410,0.8093470484660056
2411,0.8521158969801322
2412,0.8521158969801322
2413,0.8521158969801322
2414,0.8521158969801322
2415,0.8521158969801322
2416,0.9372197309417041
2417,0.8521158969801322
2418,0.8521158969801322
2419,0.8308711955484824
2420,0.8370619127280314
2421,0.8521158969801322
2422,0.852324702858681
2423,0.8182329521485999
2424,0.8182329521485999
2425,0.852324702858681
2426,0.852324702858681
2427,0.852324702858681
2428,0.852324702858681
2429,0.826138584536509
2430,0.826138584536509
2431,0.826138584536509
2432,0.826138584536509
2433,0.826138584536509
2434,0.826138584536509
2435,0.6743207843299597
2436,0.6743207843299597
2437,0.7675119559508616
2438,0.7675119559508616
2439,0.7444164180919656
2440,0.9119847947180826
2441,0.8948568254131323
2442,0.8948568254131323
2443,0.8948568254131323
2444,0.8948568254131323
2445,0.8948568254131323
2446,0.8948568254131323
2447,0.8352423148617137
2448,0.8352423148617137
2449,0.8352423148617137
2450,0.8352423148617137
2451,0.8352423148617137
2452,0.7549878930453263
2453,0.789189539683964
2454,0.7549878930453263
2455,0.7549878930453263
2456,0.7549878930453263
2457,0.8093470484660056
2458,0.8521158969801322
2459,0.826138584536509
2460,0.826138584536509
2461,0.8093470484660057
2462,0.8093470484660057
2463,0.8308711955484823
2464,0.8308711955484823
2465,0.8521158969801322
2466,0.9040268657462737
2467,0.8893836436397824
2468,0.8893836436397824
2469,0.852324702858681
2470,0.8435964530570534
2471,0.8435964530570534
2472,0.8435964530570534
2473,0.8435964530570534
2474,0.8459173297142
2475,0.7680735093142246
2476,0.7680735093142246
2477,0.8304551141316235
2478,0.9196102254538059
2479,0.9196102254538059
2480,0.9100627196451346
2481,0.9100627196451346
2482,0.8662532800241102
2483,0.7836073719507741
2484,0.7836073719507741
2485,0.7836073719507741
2486,0.7891895396839639
2487,0.8009600324197258
2488,0.8009600324197258
2489,0.8009600324197258
2490,0.8009600324197258
2491,0.8009600324197258
2492,0.8009600324197258
2493,0.8009600324197258
2494,0.7891895396839639
2495,0.9040268657462737
2496,0.9435393052064833
2497,0.9435393052064833
2498,0.9435393052064833
2499,0.9435393052064833
2500,0.9435393052064833
2501,0.9435393052064833
2502,0.9435393052064833
2503,0.9435393052064833
2504,0.9435393052064833
2505,0.9435393052064833
2506,0.9435393052064833
2507,0.9435393052064833
2508,0.9435393052064833
2509,0.9196102254538059
2510,0.9435393052064833
2511,0.9435393052064833
2512,0.9196102254538059
2513,0.9100627196451346
2514,0.9100627196451346
2515,0.9100627196451346
2516,0.9100627196451346
2517,0.9196102254538059
2518,0.9196102254538059
2519,0.9372197309417041
2520,0.9196102254538059
2521,0.9196102254538059
2522,0.8893836436397824
2523,0.9196102254538059
2524,0.9196102254538059
2525,0.9435393052064833
2526,0.9435393052064833
2527,0.9435393052064833
2528,0.9435393052064833
2529,0.9196102254538059
2530,0.9196102254538059
2531,0.9196102254538059
2532,0.8459173297142
2533,0.8459173297142
2534,0.8459173297142
2535,0.8459173297142
2536,0.9435393052064833
2537,0.9435393052064833
2538,0.9435393052064833
2539,0.9447230703551466
2540,0.9709918187645162
2541,0.8662532800241102
2542,0.9709918187645162
2543,0.9661621092557905
2544,0.9661621092557905
2545,1.0
2546,1.0
2547,0.9702309718090615
2548,0.9702309718090615
2549,1.0
2550,0.9664453714461827
2551,0.9372197309417041
2552,0.9372197309417041
2553,0.9282511210762332
2554,0.9282511210762332
2555,0.9282511210762332
2556,0.9282511210762332
2557,0.8093470484660056
2558,0.7846215685064584
2559,0.7846215685064584
2560,0.7846215685064584
2561,0.7171272400327845
2562,0.7171272400327845
2563,0.7846215685064584
2564,0.7260543765092469
2565,0.7260543765092469
2566,0.7260543765092469
2567,0.7700969597097889
2568,0.7700969597097889
2569,0.7031320066915464
2570,0.8009600324197258
2571,0.7700969597097889
2572,0.8009600324197258
2573,0.8009600324197258
2574,0.7700969597097889
2575,0.7700969597097889
2576,0.7700969597097889
2577,0.7700969597097889
2578,0.8093470484660057
2579,0.8370619127280313
2580,0.8370619127280313
2581,0.8370619127280313
2582,0.8370619127280313
2583,0.8370619127280313
2584,0.8370619127280313
2585,0.8370619127280313
2586,0.8370619127280313
2587,0.8370619127280313
2588,0.8521158969801322
2589,0.8764431768362444
2590,0.7260543765092468
2591,0.7260543765092468
2592,0.7260543765092468
2593,0.6917428339420529
2594,0.6917428339420529
2595,0.8126429965002082
2596,0.8126429965002082
2597,0.8126429965002082
2598,0.7700969597097888
2599,0.9119847947180826
2600,0.9119847947180826
2601,0.9372197309417041
2602,0.9119847947180826
2603,0.9372197309417041
2604,0.9119847947180826
2605,0.9119847947180826
2606,0.8308711955484823
2607,0.8126429965002082
2608,0.8126429965002082
2609,0.8126429965002082
2610,0.8126429965002082
2611,0.8126429965002082
2612,0.8126429965002082
2613,0.9119847947180826
2614,0.9119847947180826
2615,0.9119847947180826
2616,0.8126429965002082
2617,0.8126429965002082
2618,0.8126429965002082
2619,0.8126429965002082
2620,0.8126429965002082
2621,0.8126429965002082
2622,0.8126429965002082
2623,0.8126429965002082
2624,0.8126429965002082
2625,0.8126429965002082
2626,0.8126429965002082
2627,0.8126429965002082
2628,0.8126429965002082
2629,0.8126429965002082
2630,0.8126429965002082
2631,0.8126429965002082
2632,0.8308711955484823
2633,0.8308711955484823
2634,0.8308711955484823
2635,0.9372197309417041
2636,0.8308711955484823
2637,0.8308711955484823
2638,0.8308711955484823
2639,0.8308711955484823
2640,0.6996484663299621
2641,0.6755186128628382
2642,0.7626971487342479
2643,0.7626971487342479
2644,0.7846215685064584
2645,0.8308711955484823
2646,0.7626971487342479
2647,0.8521158969801322
2648,0.7260543765092468
2649,0.7260543765092468
2650,0.7260543765092468
2651,0.7260543765092468
2652,0.8521158969801322
2653,0.8093470484660056
2654,0.8764431768362444
2655,0.8764431768362444
2656,0.8764431768362444
2657,0.8764431768362444
2658,0.8764431768362444
2659,0.8764431768362444
2660,0.8764431768362444
2661,0.8764431768362444
2662,0.8764431768362444
2663,0.8764431768362444
2664,0.8764431768362444
2665,0.8521158969801322
2666,0.8521158969801322
2667,0.8521158969801322
2668,0.8521158969801322
2669,0.8521158969801322
2670,0.8521158969801322
2671,0.8093470484660057
2672,0.8521158969801322
2673,0.8521158969801322
2674,0.8521158969801322
2675,0.8521158969801322
2676,0.8521158969801322
2677,0.9664453714461827
2678,0.8521158969801322
2679,0.8521158969801322
2680,0.8521158969801322
2681,0.8521158969801322
2682,0.8521158969801322
2683,0.8521158969801322
2684,0.8521158969801322
2685,0.8521158969801322
2686,0.8521158969801322
2687,0.7700969597097889
2688,0.7700969597097889
2689,0.7700969597097889
2690,0.7700969597097889
2691,0.9664453714461827
2692,0.9664453714461827
2693,0.9664453714461827
2694,0.9664453714461827
2695,0.9664453714461827
2696,0.9664453714461827
2697,0.8521158969801322
2698,0.8521158969801322
2699,0.8521158969801322
2700,0.8521158969801322
2701,0.8521158969801322
2702,0.8093470484660057
2703,0.8521158969801322
2704,0.8764431768362444
2705,0.8764431768362444
2706,0.8764431768362444
2707,0.8764431768362444
2708,0.8521158969801322
2709,0.8521158969801322
2710,0.8521158969801322
2711,0.8521158969801322
2712,0.8521158969801322
2713,0.8521158969801322
2714,0.8521158969801322
2715,0.8521158969801322
2716,0.8521158969801322
2717,0.8521158969801322
2718,0.8521158969801322
2719,0.8521158969801322
2720,0.9372197309417041
2721,0.9372197309417041
2722,0.9372197309417041
2723,0.9372197309417041
2724,0.9372197309417041
2725,0.8521158969801322
2726,0.8521158969801322
2727,0.8521158969801322
2728,0.8521158969801322
2729,0.8521158969801322
2730,0.8521158969801322
2731,0.8521158969801322
2732,0.8521158969801322
2733,0.8521158969801322
2734,0.8093470484660056
2735,0.8093470484660056
2736,0.8521158969801322
2737,0.8521158969801322
2738,0.8521158969801322
2739,0.8521158969801322
2740,0.8521158969801322
2741,0.8521158969801322
2742,0.8521158969801322
2743,0.8521158969801322
2744,0.8521158969801322
2745,0.8521158969801322
2746,0.8093470484660056
2747,0.8521158969801322
2748,0.8521158969801322
2749,0.8521158969801322
2750,0.8521158969801322
2751,0.8521158969801322
2752,0.8521158969801322
2753,0.8521158969801322
2754,0.8521158969801322
2755,0.8521158969801322
2756,0.8521158969801322
2757,0.8521158969801322
2758,0.8521158969801322
2759,0.8093470484660056
2760,0.8093470484660056
2761,0.8093470484660056
2762,0.8093470484660056
2763,0.8093470484660056
2764,0.8521158969801322
2765,0.8521158969801322
2766,0.8521158969801322
2767,0.8521158969801322
2768,0.8521158969801322
2769,0.8521158969801322
2770,0.8521158969801322
2771,0.8308711955484823
2772,0.8308711955484823
2773,0.8308711955484823
2774,0.8308711955484823
2775,0.8308711955484823
2776,0.8521158969801322
2777,0.8521158969801322
2778,0.9372197309417041
2779,0.9372197309417041
2780,0.9372197309417041
2781,0.9372197309417041
2782,0.9372197309417041
2783,0.9372197309417041
2784,0.9372197309417041
2785,0.9372197309417041
2786,1.0
2787,0.9282511210762332
2788,0.9282511210762332
2789,0.9282511210762332
2790,0.9282511210762332
2791,0.9282511210762332
2792,0.9282511210762332
2793,0.9282511210762332
2794,0.9282511210762332
2795,0.9282511210762332
2796,0.9282511210762332
2797,0.9282511210762332
2798,0.9664453714461827
2799,0.9664453714461827
2800,0.9664453714461827
2801,0.9664453714461827
2802,0.9664453714461827
2803,0.9664453714461827
2804,0.9664453714461827
2805,0.9664453714461827
2806,0.9664453714461827
2807,0.9664453714461827
2808,0.9664453714461827
2809,0.9664453714461827
2810,0.9664453714461827
2811,0.9664453714461827
2812,0.9664453714461827
2813,0.9664453714461827
2814,0.9664453714461827
2815,0.9664453714461827
2816,0.9664453714461827
2817,0.9664453714461827
2818,0.9664453714461827
2819,0.9664453714461827
2820,0.9664453714461827
2821,0.9664453714461827
2822,0.9664453714461827
2823,0.9664453714461827
2824,0.9664453714461827
2825,0.9664453714461827
2826,0.9664453714461827
2827,0.9664453714461827
2828,0.9664453714461827
2829,0.9664453714461827
2830,0.9664453714461827
2831,0.9664453714461827
2832,0.9664453714461827
2833,0.9664453714461827
2834,0.9664453714461827
2835,0.9664453714461827
2836,0.9664453714461827
2837,0.9664453714461827
2838,0.9664453714461827
2839,0.9664453714461827
2840,0.9664453714461827
2841,0.9664453714461827
2842,0.9664453714461827
2843,0.9664453714461827
2844,0.9664453714461827
2845,0.9664453714461827
2846,0.9664453714461827
2847,0.9664453714461827
2848,0.9664453714461827
2849,0.9664453714461827
2850,0.9664453714461827
2851,0.9664453714461827
2852,0.9664453714461827
2853,0.9664453714461827
2854,0.9664453714461827
2855,0.9664453714461827
2856,0.9664453714461827
2857,0.9664453714461827
2858,0.9282511210762332
2859,0.9664453714461827
2860,0.9664453714461827
2861,0.9664453714461827
2862,0.9664453714461827
2863,0.9664453714461827
2864,0.9664453714461827
2865,0.9664453714461827
2866,0.9664453714461827
2867,0.9664453714461827
2868,0.9664453714461827
2869,0.9664453714461827
2870,0.9664453714461827
2871,0.9664453714461827
2872,0.9664453714461827
2873,0.9664453714461827
2874,0.9664453714461827
2875,0.9664453714461827
2876,0.9664453714461827
2877,0.9664453714461827
2878,0.9664453714461827
2879,0.9372197309417041
2880,0.9664453714461827
2881,0.9664453714461827
2882,0.9664453714461827
2883,0.9664453714461827
2884,0.9664453714461827
2885,0.9664453714461827
2886,0.9664453714461827
2887,0.9664453714461827
2888,0.9664453714461827
2889,0.9664453714461827
2890,0.9664453714461827
2891,0.9664453714461827
2892,0.9664453714461827
2893,0.9664453714461827
2894,0.9664453714461827
2895,0.9664453714461827
2896,0.9664453714461827
2897,0.9664453714461827
2898,0.9664453714461827
2899,0.9664453714461827
2900,0.9664453714461827
2901,0.9664453714461827
2902,0.9664453714461827
2903,0.9664453714461827
2904,0.9372197309417041
2905,0.9372197309417041
2906,0.9372197309417041
2907,0.9664453714461827
2908,0.9664453714461827
2909,0.9664453714461827
2910,0.9664453714461827
2911,0.9664453714461827
2912,0.9664453714461827
2913,0.9664453714461827
2914,0.9664453714461827
2915,0.9664453714461827
2916,0.9664453714461827
2917,0.9664453714461827
2918,0.9664453714461827
2919,0.9664453714461827
2920,0.9664453714461827
2921,0.9435393052064832
2922,0.9435393052064832
2923,0.9435393052064832
2924,0.9435393052064832
2925,0.9664453714461827
2926,0.9435393052064832
2927,0.9664453714461827
2928,0.9664453714461827
2929,0.9664453714461827
2930,0.9664453714461827
2931,0.9282511210762332
2932,0.9282511210762332
2933,0.9282511210762332
2934,0.9282511210762332
2935,0.9282511210762332
2936,0.9282511210762332
2937,0.9282511210762332
2938,0.9282511210762332
2939,0.9282511210762332
2940,0.9435393052064832
2941,0.9435393052064832
2942,0.9282511210762332
2943,0.9282511210762332
2944,0.9282511210762332
2945,0.9282511210762332
2946,0.9282511210762332
2947,0.9282511210762332
2948,0.9282511210762332
2949,0.9282511210762332
2950,0.89392568987218
2951,0.89392568987218
2952,0.89392568987218
2953,0.89392568987218
2954,0.89392568987218
2955,0.9282511210762332
2956,0.9282511210762332
2957,0.9282511210762332
2958,0.9282511210762332
2959,0.9282511210762332
2960,0.9282511210762332
2961,0.9282511210762332
2962,0.9282511210762332
2963,0.9282511210762332
2964,0.9282511210762332
2965,0.9282511210762332
2966,0.9282511210762332
2967,0.9282511210762332
2968,0.9282511210762332
2969,0.9282511210762332
2970,0.9282511210762332
2971,0.9282511210762332
2972,0.9282511210762332
2973,0.9282511210762332
2974,0.9282511210762332
2975,0.9282511210762332
2976,0.9282511210762332
2977,0.9282511210762332
2978,0.9282511210762332
2979,0.9282511210762332
2980,0.9664453714461827
2981,0.9664453714461827
2982,0.9664453714461827
2983,0.9664453714461827
2984,0.9664453714461827
2985,0.9664453714461827
2986,0.9664453714461827
2987,0.9664453714461827
2988,0.9664453714461827
2989,0.9664453714461827
2990,0.9664453714461827
2991,0.9664453714461827
2992,0.9664453714461827
2993,0.9664453714461827
2994,0.9664453714461827
2995,0.9664453714461827
2996,0.9372197309417041
2997,0.9372197309417041
2998,0.9372197309417041
2999,0.9372197309417041
3000,0.9372197309417041
3001,0.9372197309417041
3002,0.9372197309417041
3003,0.9372197309417041
3004,0.9372197309417041
3005,0.9372197309417041
3006,0.9372197309417041
3007,0.9372197309417041
3008,0.9372197309417041
3009,0.9372197309417041
3010,0.9372197309417041
3011,0.9372197309417041
3012,0.9372197309417041
3013,0.9664453714461827
3014,0.9664453714461827
3015,0.9664453714461827
3016,0.9664453714461827
3017,0.9664453714461827
3018,0.9664453714461827
3019,0.8521158969801322
3020,0.8093470484660056
3021,0.7846215685064584
3022,0.7846215685064584
3023,0.8093470484660056
3024,0.8093470484660056
3025,0.8093470484660056
3026,0.8093470484660056
3027,0.8093470484660056
3028,0.8093470484660056
3029,0.8093470484660056
3030,0.8093470484660056
3031,0.8093470484660056
3032,0.8093470484660056
3033,0.8093470484660056
3034,0.8093470484660056
3035,0.8093470484660056
3036,0.8093470484660056
3037,0.8093470484660056
3038,0.8093470484660056
3039,0.8093470484660056
3040,0.8093470484660056
3041,0.8093470484660056
3042,0.8093470484660056
3043,0.8093470484660056
3044,0.7700969597097889
3045,0.8093470484660056
3046,0.7700969597097889
3047,0.7700969597097889
3048,0.7700969597097889
3049,0.9282511210762332
3050,0.9282511210762332
3051,0.89392568987218
3052,0.89392568987218
3053,0.89392568987218
3054,0.8232682793800817
3055,0.8565022421524664
3056,0.8565022421524664
3057,0.8948568254131323
3058,0.8948568254131323
3059,0.8565022421524664
3060,0.8565022421524664
3061,0.8948568254131324
3062,0.8948568254131324
3063,0.9372197309417041
3064,0.9372197309417041
3065,0.9372197309417041
3066,0.9027366433353875
3067,0.9027366433353875
3068,0.89392568987218
3069,0.9040268657462738
3070,0.8764431768362444
3071,0.8814780112518732
3072,0.8814780112518732
3073,0.8370619127280313
3074,0.8370619127280313
3075,0.8370619127280313
3076,0.9282511210762332
3077,0.9282511210762332
3078,0.9282511210762332
3079,0.9282511210762332
3080,0.9282511210762332
3081,0.9040268657462738
3082,0.9040268657462738
3083,0.9040268657462738
3084,0.9282511210762332
3085,0.9282511210762332
3086,0.8948568254131323
3087,0.8948568254131323
3088,0.7846215685064584
3089,0.8948568254131323
3090,0.9661621092557905
3091,0.9661621092557905
3092,0.9661621092557905
3093,0.9661621092557905
3094,0.9661621092557905
3095,0.8370619127280313
3096,0.8370619127280313
3097,0.8764431768362444
3098,0.8764431768362444
3099,0.8764431768362444
3100,0.8370619127280313
3101,0.8764431768362444
3102,0.8764431768362444
3103,0.8764431768362444
3104,0.8764431768362444
3105,0.8764431768362444
3106,0.8764431768362444
3107,0.9664453714461827
3108,0.9664453714461827
3109,0.9664453714461827
3110,0.9351522891602034
3111,0.9351522891602034
3112,0.9664453714461827
3113,0.9372197309417041
3114,0.9664453714461827
3115,0.9664453714461827
3116,0.9664453714461827
3117,0.9664453714461827
3118,0.9664453714461827
3119,0.8764431768362444
3120,0.8764431768362444
3121,0.9664453714461827
3122,0.8764431768362444
3123,0.8764431768362444
3124,0.8764431768362444
3125,0.8764431768362444
3126,0.8764431768362444
3127,0.8764431768362444
3128,0.8764431768362444
3129,0.8521158969801322
3130,0.8764431768362444
3131,0.8764431768362444
3132,0.8764431768362444
3133,0.8521158969801322
3134,0.8521158969801322
3135,0.8521158969801322
3136,0.8521158969801322
3137,0.8521158969801322
3138,0.8764431768362444
3139,0.8764431768362444
3140,0.8764431768362444
3141,0.8764431768362444
3142,0.8764431768362444
3143,0.8764431768362444
3144,0.8764431768362444
3145,0.8521158969801322
3146,0.8764431768362444
3147,0.8521158969801322
3148,0.8521158969801322
3149,0.7458804384263522
3150,0.7260543765092468
3151,0.7260543765092468
3152,0.7260543765092468
3153,0.7549878930453264
3154,0.7549878930453264
3155,0.7549878930453264
3156,0.7549878930453264
3157,0.7260543765092468
3158,0.7260543765092468
3159,0.7260543765092468
3160,0.8521158969801322
3161,0.8521158969801322
3162,0.8521158969801322
3163,0.8521158969801322
3164,0.8521158969801322
3165,0.8521158969801322
3166,0.8521158969801322
3167,0.8521158969801322
3168,0.8308711955484823
3169,0.8521158969801322
3170,0.8521158969801322
3171,0.7260543765092468
3172,0.7260543765092468
3173,0.7260543765092468
3174,0.8521158969801322
3175,0.8521158969801322
3176,0.8764431768362444
3177,0.8764431768362444
3178,0.8764431768362444
3179,0.8521158969801322
3180,0.8521158969801322
3181,0.8521158969801322
3182,0.8521158969801322
3183,0.8521158969801322
3184,0.8521158969801322
3185,0.852324702858681
3186,0.852324702858681
3187,0.852324702858681
3188,0.8764431768362444
3189,0.8764431768362444
3190,0.8764431768362444
3191,0.8370619127280313
3192,0.8370619127280313
3193,0.8370619127280313
3194,0.9282511210762332
3195,0.9282511210762332
3196,0.8948568254131323
3197,0.8948568254131323
3198,0.8948568254131323
3199,0.8565022421524664
3200,0.8565022421524664
3201,0.8565022421524664
3202,0.89392568987218
3203,0.89392568987218
3204,0.8009600324197258
3205,0.8370619127280313
3206,0.8370619127280313
3207,0.9661621092557905
3208,1.0
3209,1.0
3210,1.0
3211,1.0
3212,1.0
3213,1.0
3214,1.0
3215,1.0
3216,0.9702309718090613
3217,0.9702309718090613
3218,0.9416540216216133
3219,0.9027366433353875
3220,0.9027366433353875
3221,0.9351522891602034
3222,0.9351522891602034
3223,0.9351522891602034
3224,0.9351522891602034
3225,0.9027366433353875
3226,0.9027366433353875
3227,0.9027366433353875
3228,0.9027366433353875
3229,0.9027366433353875
3230,0.9282511210762332
3231,0.9282511210762332
3232,0.9282511210762332
3233,0.9282511210762332
3234,0.9282511210762332
3235,0.9282511210762332
3236,0.9282511210762332
3237,0.8939256898721798
3238,0.8939256898721798
3239,0.8939256898721798
3240,0.8939256898721798
3241,0.8939256898721798
3242,0.8939256898721798
3243,0.8939256898721798
3244,0.8939256898721798
3245,0.8939256898721798
3246,0.8939256898721798
3247,0.8939256898721798
3248,0.8939256898721798
3249,0.8939256898721798
3250,0.8939256898721798
3251,0.8939256898721798
3252,0.8939256898721798
3253,0.8939256898721798
3254,0.8939256898721798
3255,0.8939256898721798
3256,0.8939256898721798
3257,0.8939256898721798
3258,0.8939256898721798
3259,0.8939256898721798
3260,0.8939256898721798
3261,0.8939256898721798
3262,0.8939256898721798
3263,0.8939256898721798
3264,0.8939256898721798
3265,0.8939256898721798
3266,0.8939256898721798
3267,0.8939256898721798
3268,0.8939256898721798
3269,0.8939256898721798
3270,0.8939256898721798
3271,0.8939256898721798
3272,0.8939256898721798
3273,0.8939256898721798
3274,0.8939256898721798
3275,0.8939256898721798
3276,0.8939256898721798
3277,0.8939256898721798
3278,0.8565022421524664
3279,0.8565022421524664
3280,0.8939256898721798
3281,0.8939256898721798
3282,0.8939256898721798
3283,0.8939256898721798
3284,0.8939256898721798
3285,0.8939256898721798
3286,0.8939256898721798
3287,0.8939256898721798
3288,0.8939256898721798
3289,0.8939256898721798
3290,0.8939256898721798
3291,0.8939256898721798
3292,0.9282511210762332
3293,0.9282511210762332
3294,0.9282511210762332
3295,0.9282511210762332
3296,0.9282511210762332
3297,0.9282511210762332
3298,0.9282511210762332
3299,0.9282511210762332
3300,0.8939256898721798
3301,0.8939256898721798
3302,0.8939256898721798
3303,0.8939256898721798
3304,0.8939256898721798
3305,0.9282511210762332
3306,0.9282511210762332
3307,0.9282511210762332
3308,0.9282511210762332
3309,0.9282511210762332
3310,0.9282511210762332
3311,0.9282511210762332
3312,0.9282511210762332
3313,0.9282511210762332
3314,0.9664453714461827
3315,0.9372197309417041
3316,0.9372197309417041
3317,0.9372197309417041
3318,0.9372197309417041
3319,0.9372197309417041
3320,0.9372197309417041
3321,0.9372197309417041
3322,0.9372197309417041
3323,0.9372197309417041
3324,0.9372197309417041
3325,0.9372197309417041
3326,0.9372197309417041
3327,0.9372197309417041
3328,0.9372197309417041
3329,0.9372197309417041
3330,0.9372197309417041
3331,0.9372197309417041
3332,0.9372197309417041
3333,0.9372197309417041
3334,0.9372197309417041
3335,0.9372197309417041
3336,0.9372197309417041
3337,0.9372197309417041
3338,0.9372197309417041
3339,0.9372197309417041
3340,0.9664453714461827
3341,0.9664453714461827
3342,0.9664453714461827
3343,0.9664453714461827
3344,0.9664453714461827
3345,0.9664453714461827
3346,0.9372197309417041
3347,0.9119847947180826
3348,0.9119847947180826
3349,0.9119847947180826
3350,0.9119847947180826
3351,0.9119847947180826
3352,0.9119847947180826
3353,0.9119847947180826
3354,0.9119847947180826
3355,0.9119847947180826
3356,0.9119847947180826
3357,0.9119847947180826
3358,0.9119847947180826
3359,0.9119847947180826
3360,0.9119847947180826
3361,0.9119847947180826
3362,0.9119847947180826
3363,0.9119847947180826
3364,0.9119847947180826
3365,0.9119847947180826
3366,0.9119847947180826
3367,0.9119847947180826
3368,0.9119847947180826
3369,0.9119847947180826
3370,0.9119847947180826
3371,0.9119847947180826
3372,0.9119847947180826
3373,0.9119847947180826
3374,0.9119847947180826
3375,0.9119847947180826
3376,0.9119847947180826
3377,0.9119847947180826
3378,0.9119847947180826
3379,0.9119847947180826
3380,0.9119847947180826
3381,0.9119847947180826
3382,0.9119847947180826
3383,0.9119847947180826
3384,0.9119847947180826
3385,0.9119847947180826
3386,0.9119847947180826
3387,0.9119847947180826
3388,0.9119847947180826
3389,0.9119847947180826
3390,0.8905595185762779
3391,0.9119847947180826
3392,0.8905595185762779
3393,0.9119847947180826
3394,0.8905595185762779
3395,0.9119847947180826
3396,0.9119847947180826
3397,0.9119847947180826
3398,0.9119847947180826
3399,0.9119847947180826
3400,0.9119847947180826
3401,0.9119847947180826
3402,0.9119847947180826
3403,0.9372197309417041
3404,0.9372197309417041
3405,0.9372197309417041
3406,0.9372197309417041
3407,0.9372197309417041
3408,0.9372197309417041
3409,0.9372197309417041
3410,0.9372197309417041
3411,0.9372197309417041
3412,0.9372197309417041
3413,0.9372197309417041
3414,0.9664453714461827
3415,0.9372197309417041
3416,0.9664453714461827
3417,0.9372197309417041
3418,0.9372197309417041
3419,0.9372197309417041
3420,0.9372197309417041
3421,0.9372197309417041
3422,0.9372197309417041
3423,0.9372197309417041
3424,0.9372197309417041
3425,0.9372197309417041
3426,0.9372197309417041
3427,0.9372197309417041
3428,0.9372197309417041
3429,0.9372197309417041
3430,0.9372197309417041
3431,0.9372197309417041
3432,0.9372197309417041
3433,0.9372197309417041
3434,0.9372197309417041
3435,0.9372197309417041
3436,0.9372197309417041
3437,0.9372197309417041
3438,0.9372197309417041
3439,0.9372197309417041
3440,0.9372197309417041
3441,0.9372197309417041
3442,0.9372197309417041
3443,0.9372197309417041
3444,0.9372197309417041
3445,0.9372197309417041
3446,0.9372197309417041
3447,0.9372197309417041
3448,0.9372197309417041
3449,0.9372197309417041
3450,0.9372197309417041
3451,0.9119847947180826
3452,0.9372197309417041
3453,0.9119847947180826
3454,0.9372197309417041
3455,0.9372197309417041
3456,0.9372197309417041
3457,0.9372197309417041
3458,0.9372197309417041
3459,0.9372197309417041
3460,0.9372197309417041
3461,0.9372197309417041
3462,0.9372197309417041
3463,0.9372197309417041
3464,0.9372197309417041
3465,0.9372197309417041
3466,0.9372197309417041
3467,0.9372197309417041
3468,0.9372197309417041
3469,0.9372197309417041
3470,0.9664453714461827
3471,0.9372197309417041
3472,0.9372197309417041
3473,0.9372197309417041
3474,0.9372197309417041
3475,0.9372197309417041
3476,0.9372197309417041
3477,0.9372197309417041
3478,0.9372197309417041
3479,0.9372197309417041
3480,0.9372197309417041
3481,0.9372197309417041
3482,0.9664453714461827
3483,0.9664453714461827
3484,0.9664453714461827
3485,0.9664453714461827
3486,0.9664453714461827
3487,0.9664453714461827
3488,0.9664453714461827
3489,0.9664453714461827
3490,0.9664453714461827
3491,0.9664453714461827
3492,0.9664453714461827
3493,0.9664453714461827
3494,0.9664453714461827
3495,0.9664453714461827
3496,0.9664453714461827
3497,0.9664453714461827
3498,0.9664453714461827
3499,0.9664453714461827
3500,0.9664453714461827
3501,0.9664453714461827
3502,0.9664453714461827
3503,0.9664453714461827
3504,0.9664453714461827
3505,0.9664453714461827
3506,0.9664453714461827
3507,0.9664453714461827
3508,0.9664453714461827
3509,0.9664453714461827
3510,0.9664453714461827
3511,0.9664453714461827
3512,0.9664453714461827
3513,0.9664453714461827
3514,0.9664453714461827
3515,0.9664453714461827
3516,0.9664453714461827
3517,0.9664453714461827
3518,0.9664453714461827
3519,0.9664453714461827
3520,0.9664453714461827
3521,0.9664453714461827
3522,0.9664453714461827
3523,0.9664453714461827
3524,0.9664453714461827
3525,0.9372197309417041
3526,0.9372197309417041
3527,0.9372197309417041
3528,0.9372197309417041
3529,0.9372197309417041
3530,0.9372197309417041
3531,0.9372197309417041
3532,0.9372197309417041
3533,0.9372197309417041
3534,0.9372197309417041
3535,0.9372197309417041
3536,0.9372197309417041
3537,0.9372197309417041
3538,0.9372197309417041
3539,0.9372197309417041
3540,0.9372197309417041
3541,0.9372197309417041
3542,0.9372197309417041
3543,0.9372197309417041
3544,0.9372197309417041
3545,0.9372197309417041
3546,0.9372197309417041
3547,0.9372197309417041
3548,0.9372197309417041
3549,0.9372197309417041
3550,0.9372197309417041
3551,0.9372197309417041
3552,0.9372197309417041
3553,0.9372197309417041
3554,0.9372197309417041
3555,0.9372197309417041
3556,0.9372197309417041
3557,0.9372197309417041
3558,0.9372197309417041
3559,0.9372197309417041
3560,0.9372197309417041
3561,0.9372197309417041
3562,0.9372197309417041
3563,0.9664453714461827
3564,0.9664453714461827
3565,0.9664453714461827
3566,0.9664453714461827
3567,0.9664453714461827
3568,0.9664453714461827
3569,0.9664453714461827
3570,0.9664453714461827
3571,0.9664453714461827
3572,0.9664453714461827
3573,0.9664453714461827
3574,0.9664453714461827
3575,0.9664453714461827
3576,0.9664453714461827
3577,0.9664453714461827
3578,0.9664453714461827
3579,0.9664453714461827
3580,0.9664453714461827
3581,0.9664453714461827
3582,0.9664453714461827
3583,0.9664453714461827
3584,0.9664453714461827
3585,0.9664453714461827
3586,0.9664453714461827
3587,0.9664453714461827
3588,0.9664453714461827
3589,0.9664453714461827
3590,0.9664453714461827
3591,0.9664453714461827
3592,0.9664453714461827
3593,0.9664453714461827
3594,0.9664453714461827
3595,0.9664453714461827
3596,0.9372197309417041
3597,0.9372197309417041
3598,0.9372197309417041
3599,0.9372197309417041
3600,0.9372197309417041
3601,0.9372197309417041
3602,0.9372197309417041
3603,0.9372197309417041
3604,0.9372197309417041
3605,0.9664453714461827
3606,0.9664453714461827
3607,0.9664453714461827
3608,0.9664453714461827
3609,0.9664453714461827
3610,0.9664453714461827
3611,0.9664453714461827
3612,0.9664453714461827
3613,0.9372197309417041
3614,0.9372197309417041
3615,0.9664453714461827
3616,0.9664453714461827
3617,0.9664453714461827
3618,0.9664453714461827
3619,0.9664453714461827
3620,0.9372197309417041
3621,0.9372197309417041
3622,0.9664453714461827
3623,0.9664453714461827
3624,0.9664453714461827
3625,0.9664453714461827
3626,0.9372197309417041
3627,0.9372197309417041
3628,0.9372197309417041
3629,0.9372197309417041
3630,0.9664453714461827
3631,0.9664453714461827
3632,0.9664453714461827
3633,0.9372197309417041
3634,0.9119847947180826
3635,0.9119847947180826
3636,0.9372197309417041
3637,0.9664453714461827
3638,0.9664453714461827
3639,0.9372197309417041
3640,0.9372197309417041
3641,0.9372197309417041
3642,0.9372197309417041
3643,0.9372197309417041
3644,0.9372197309417041
3645,0.9372197309417041
3646,0.9664453714461827
3647,0.9664453714461827
3648,0.9664453714461827
3649,0.9664453714461827
3650,0.9372197309417041
3651,0.9372197309417041
3652,0.9372197309417041
3653,0.9664453714461827
3654,0.9664453714461827
3655,0.9664453714461827
3656,0.9664453714461827
3657,0.9664453714461827
3658,0.9664453714461827
3659,0.9664453714461827
3660,0.9664453714461827
3661,0.9664453714461827
3662,0.9664453714461827
3663,0.9664453714461827
3664,0.9664453714461827
3665,0.9664453714461827
3666,0.9664453714461827
3667,0.9664453714461827
3668,0.9664453714461827
3669,0.9664453714461827
3670,0.9664453714461827
3671,0.9664453714461827
3672,0.9664453714461827
3673,0.9664453714461827
3674,0.9664453714461827
3675,0.9664453714461827
3676,0.9664453714461827
3677,0.9664453714461827
3678,0.9664453714461827
3679,0.9664453714461827
3680,0.9664453714461827
3681,0.9664453714461827
3682,0.9664453714461827
3683,0.9372197309417041
3684,0.9664453714461827
3685,0.9372197309417041
3686,0.9372197309417041
3687,0.9372197309417041
3688,0.9664453714461827
3689,0.9372197309417041
3690,0.9372197309417041
3691,0.9372197309417041
3692,0.9372197309417041
3693,0.9372197309417041
3694,0.9372197309417041
3695,0.9372197309417041
3696,0.9372197309417041
3697,0.9372197309417041
3698,0.9664453714461827
3699,0.9372197309417041
3700,0.9664453714461827
3701,0.9664453714461827
3702,0.9664453714461827
3703,0.9664453714461827
3704,0.9664453714461827
3705,0.9664453714461827
3706,0.9372197309417041
3707,0.9372197309417041
3708,0.9372197309417041
3709,0.9372197309417041
3710,0.9372197309417041
3711,0.9372197309417041
3712,0.9664453714461827
3713,0.9664453714461827
3714,0.9664453714461827
3715,0.9664453714461827
3716,0.9664453714461827
3717,0.9664453714461827
3718,0.9664453714461827
3719,0.9664453714461827
3720,0.9664453714461827
3721,0.9664453714461827
3722,0.9664453714461827
3723,0.9664453714461827
3724,0.9664453714461827
3725,0.9664453714461827
3726,0.9664453714461827
3727,0.9664453714461827
3728,0.9664453714461827
3729,0.9664453714461827
3730,0.9664453714461827
3731,0.9664453714461827
3732,1.0
3733,1.0
3734,1.0
3735,1.0
3736,1.0
3737,1.0
3738,1.0
3739,1.0
3740,1.0
3741,1.0
3742,1.0
3743,1.0
3744,1.0
3745,1.0
3746,1.0
3747,1.0
3748,1.0
3749,1.0
3750,1.0
3751,1.0
3752,1.0
3753,1.0
3754,1.0
3755,1.0
3756,1.0
3757,1.0
3758,1.0
3759,1.0
3760,0.9661621092557905
3761,0.9661621092557905
3762,1.0
3763,1.0
3764,0.9664453714461827
3765,1.0
3766,1.0
3767,0.9664453714461827
3768,0.9664453714461827
3769,1.0
3770,1.0
3771,0.9664453714461827
3772,0.9664453714461827
3773,0.9664453714461827
3774,0.9664453714461827
3775,0.9664453714461827
3776,0.9664453714461827
3777,0.9664453714461827
3778,0.9664453714461827
3779,0.9664453714461827
3780,0.9664453714461827
3781,0.9664453714461827
3782,0.9664453714461827
3783,0.9664453714461827
3784,0.9664453714461827
3785,0.9664453714461827
3786,0.9664453714461827
3787,0.9664453714461827
3788,0.9664453714461827
3789,0.9664453714461827
3790,0.9664453714461827
3791,0.9664453714461827
3792,0.9664453714461827
3793,0.9664453714461827
3794,0.9372197309417041
3795,0.9372197309417041
3796,0.9372197309417041
3797,0.9664453714461827
3798,0.9664453714461827
3799,0.9351522891602032
3800,0.9351522891602032
3801,0.9351522891602032
3802,0.9351522891602032
3803,0.9351522891602032
3804,0.9664453714461827
3805,0.9372197309417041
3806,0.9372197309417041
3807,0.9372197309417041
3808,0.9372197309417041
3809,0.9372197309417041
3810,0.9372197309417041
3811,0.9372197309417041
3812,0.9664453714461827
3813,0.9664453714461827
3814,0.9664453714461827
3815,0.9664453714461827
3816,0.9664453714461827
3817,0.9664453714461827
3818,0.9664453714461827
3819,0.9664453714461827
3820,0.9664453714461827
3821,0.9664453714461827
3822,0.9664453714461827
3823,0.9664453714461827
3824,0.9664453714461827
3825,0.9664453714461827
3826,0.9664453714461827
3827,0.9664453714461827
3828,0.9664453714461827
3829,0.9664453714461827
3830,0.9664453714461827
3831,0.9664453714461827
3832,0.9664453714461827
3833,0.9664453714461827
3834,0.9664453714461827
3835,0.9664453714461827
3836,0.9664453714461827
3837,0.9664453714461827
3838,0.9664453714461827
3839,0.9664453714461827
3840,1.0
3841,1.0
3842,1.0
3843,1.0
3844,1.0
3845,1.0
3846,1.0
3847,1.0
3848,1.0
3849,1.0
3850,1.0
3851,1.0
3852,1.0
3853,1.0
3854,0.9664453714461827
3855,0.9664453714461827
3856,0.9664453714461827
3857,0.9664453714461827
3858,0.9664453714461827
3859,0.9664453714461827
3860,0.9664453714461827
3861,0.9664453714461827
3862,0.9664453714461827
3863,0.9664453714461827
3864,1.0
3865,1.0
3866,1.0
3867,1.0
3868,1.0
3869,1.0
3870,1.0
3871,1.0
3872,1.0
3873,1.0
3874,1.0
3875,1.0
3876,1.0
3877,1.0
3878,1.0
3879,1.0
3880,1.0
3881,1.0
3882,1.0
3883,1.0
3884,1.0
3885,1.0
3886,1.0
3887,1.0
3888,1.0
3889,1.0
3890,1.0
3891,1.0
3892,1.0
3893,1.0
3894,1.0
3895,1.0
3896,1.0
3897,1.0
3898,1.0
3899,1.0
3900,1.0
3901,1.0
3902,1.0
3903,1.0
3904,1.0
3905,1.0
3906,1.0
3907,1.0
3908,1.0
3909,1.0
3910,1.0
3911,1.0
3912,1.0
3913,1.0
3914,1.0
3915,1.0
3916,1.0
3917,1.0
3918,1.0
3919,1.0
3920,1.0
3921,1.0
3922,1.0
3923,1.0
3924,1.0
3925,1.0
3926,1.0
3927,1.0
3928,1.0
3929,1.0
3930,1.0
3931,1.0
3932,1.0
3933,1.0
3934,1.0
3935,1.0
3936,1.0
3937,1.0
3938,1.0
3939,1.0
3940,1.0
3941,1.0
3942,1.0
3943,1.0
3944,1.0
3945,1.0
3946,1.0
3947,1.0
3948,1.0
3949,1.0
3950,1.0
3951,1.0
3952,1.0
3953,1.0
3954,1.0
3955,1.0
3956,1.0
3957,1.0
3958,1.0
3959,1.0
3960,1.0
3961,1.0
3962,1.0
3963,1.0
3964,1.0
3965,1.0
3966,1.0
3967,1.0
3968,1.0
3969,1.0
3970,1.0
3971,1.0
3972,1.0
3973,1.0
3974,1.0
3975,1.0
3976,1.0
3977,1.0
3978,1.0
3979,1.0
3980,1.0
3981,1.0
3982,1.0
3983,1.0
3984,1.0
3985,1.0
3986,1.0
3987,1.0
3988,1.0
3989,1.0
3990,1.0
3991,1.0
3992,1.0
3993,1.0
3994,1.0
3995,0.9661621092557903
3996,0.9661621092557903
3997,0.9661621092557903
3998,0.9661621092557903
3999,0.9661621092557903
4000,0.9661621092557903
4001,0.9661621092557903
4002,0.9661621092557903
4003,0.9661621092557903
4004,0.9661621092557903
4005,0.9661621092557903
4006,0.9661621092557903
4007,0.9661621092557903
4008,0.9661621092557903
4009,0.9661621092557903
4010,0.9661621092557903
4011,0.9661621092557903
4012,0.9661621092557903
4013,0.9661621092557903
4014,0.9661621092557903
4015,0.9661621092557903
4016,0.9661621092557903
4017,0.9661621092557903
4018,0.9661621092557903
4019,0.9661621092557903
4020,0.9661621092557903
4021,0.9661621092557903
4022,0.9661621092557903
4023,0.9661621092557903
4024,0.9661621092557903
4025,0.9661621092557903
4026,0.9661621092557903
4027,0.9661621092557903
4028,0.9661621092557903
4029,0.9661621092557903
4030,0.9661621092557903
4031,0.9661621092557903
4032,0.9661621092557903
4033,0.9661621092557903
4034,0.9661621092557903
4035,0.9661621092557903
4036,0.9661621092557903
4037,0.9661621092557903
4038,0.9661621092557903
4039,0.9661621092557903
4040,0.9661621092557903
4041,0.9661621092557903
4042,0.9661621092557903
4043,0.9661621092557903
4044,0.9661621092557903
4045,0.9661621092557903
4046,0.9661621092557903
4047,0.9661621092557903
4048,0.9661621092557903
4049,0.9661621092557903
4050,0.9661621092557903
4051,0.9661621092557903
4052,0.9661621092557903
4053,0.9661621092557903
4054,0.9661621092557903
4055,0.9661621092557903
4056,0.9661621092557903
4057,0.9661621092557903
4058,0.9661621092557903
4059,0.9661621092557903
4060,0.9661621092557903
4061,0.9661621092557903
4062,0.9661621092557903
4063,0.9661621092557903
4064,0.9661621092557903
4065,0.9661621092557903
4066,0.9661621092557903
4067,0.9661621092557903
4068,0.9661621092557903
4069,0.9661621092557903
4070,0.9661621092557903
4071,0.9661621092557903
4072,0.9661621092557903
4073,0.9661621092557903
4074,0.9661621092557903
4075,0.9661621092557903
4076,0.9661621092557903
4077,0.9661621092557903
4078,0.9661621092557903
4079,0.9661621092557903
4080,0.9661621092557903
4081,0.9661621092557903
4082,0.9661621092557903
4083,0.9661621092557903
4084,0.9661621092557903
4085,0.9661621092557903
4086,0.9661621092557903
4087,0.9661621092557903
4088,0.9661621092557903
4089,0.9661621092557903
4090,0.9661621092557903
4091,0.9661621092557903
4092,0.9661621092557903
4093,0.9661621092557903
4094,0.9661621092557903
4095,0.9661621092557903
4096,0.9661621092557903
4097,0.9661621092557903
4098,0.9661621092557903
4099,0.9661621092557903
4100,0.9661621092557903
4101,0.9661621092557903
4102,0.9661621092557903
4103,0.9661621092557903
4104,0.9661621092557903
4105,0.9661621092557903
4106,0.9661621092557903
4107,0.9661621092557903
4108,0.9661621092557903
4109,0.9661621092557903
4110,0.9661621092557903
4111,0.9661621092557903
4112,0.9661621092557903
4113,0.9661621092557903
4114,0.9661621092557903
4115,0.9661621092557903
4116,0.9661621092557903
4117,0.9661621092557903
4118,0.9661621092557903
4119,0.9661621092557903
4120,0.9661621092557903
4121,0.9661621092557903
4122,0.9661621092557903
4123,0.9661621092557903
4124,0.9661621092557903
4125,0.9661621092557903
4126,0.9661621092557903
4127,0.9661621092557903
4128,0.9661621092557903
4129,0.9661621092557903
4130,0.9661621092557903
4131,0.9661621092557903
4132,0.9661621092557903
4133,0.9661621092557903
4134,0.9661621092557903
4135,0.9661621092557903
4136,1.0
4137,1.0
4138,1.0
4139,1.0
4140,1.0
4141,0.9661621092557905
4142,0.9661621092557905
4143,0.9661621092557905
4144,0.9661621092557905
4145,0.9661621092557905
4146,0.9661621092557905
4147,0.9661621092557905
4148,0.9661621092557905
4149,0.9661621092557905
4150,0.9661621092557905
4151,0.9661621092557905
4152,0.9661621092557905
4153,0.9661621092557905
4154,0.9661621092557905
4155,0.9661621092557905
4156,0.9661621092557905
4157,0.9661621092557905
4158,0.9661621092557905
4159,0.9661621092557905
4160,0.9661621092557905
4161,0.9661621092557905
4162,0.9661621092557905
4163,0.9661621092557905
4164,0.9661621092557905
4165,0.9661621092557905
4166,0.9661621092557905
4167,0.9661621092557905
4168,0.9661621092557905
4169,0.9661621092557905
4170,0.9661621092557905
4171,0.9661621092557905
4172,0.9661621092557905
4173,0.9661621092557905
4174,0.9661621092557905
4175,0.9661621092557905
4176,0.9661621092557905
4177,0.9661621092557905
4178,0.9661621092557905
4179,0.9661621092557905
4180,0.9661621092557905
4181,0.9661621092557905
4182,0.9661621092557905
4183,0.9661621092557905
4184,0.9661621092557905
4185,0.9661621092557905
4186,0.9661621092557905
4187,0.9661621092557905
4188,0.9661621092557905
4189,0.9661621092557905
4190,0.9661621092557905
4191,0.9661621092557905
4192,0.9661621092557905
4193,0.9661621092557905
4194,0.9661621092557905
4195,0.9661621092557905
4196,0.9661621092557905
4197,0.9661621092557905
4198,0.9661621092557905
4199,0.9661621092557905
4200,0.9661621092557905
4201,0.9661621092557905
4202,0.9661621092557905
4203,0.9661621092557905
4204,0.9661621092557905
4205,0.9661621092557905
4206,0.9661621092557905
4207,0.9661621092557905
4208,0.9661621092557905
4209,0.9661621092557905
4210,0.9661621092557905
4211,0.9362292374776254
4212,0.9661621092557905
4213,0.9661621092557905
4214,0.9661621092557905
4215,0.9661621092557905
4216,0.9661621092557905
4217,0.9661621092557905
4218,0.9661621092557905
4219,0.9661621092557905
4220,0.9661621092557905
4221,0.9661621092557905
4222,0.9661621092557905
4223,0.9661621092557905
4224,0.9661621092557905
4225,0.9661621092557905
4226,0.9661621092557905
4227,1.0
4228,1.0
4229,1.0
4230,1.0
4231,1.0
4232,1.0
4233,1.0
4234,1.0
4235,1.0
4236,1.0
4237,1.0
4238,1.0
4239,1.0
4240,1.0
4241,1.0
4242,1.0
4243,1.0
4244,1.0
4245,1.0
4246,1.0
4247,1.0
4248,1.0
4249,1.0
4250,1.0
4251,1.0
4252,1.0
4253,1.0
4254,1.0
4255,1.0
4256,1.0
4257,1.0
4258,1.0
4259,1.0
4260,1.0
4261,1.0
4262,1.0
4263,1.0
4264,1.0
4265,1.0
4266,1.0
4267,1.0
4268,1.0
4269,1.0
4270,1.0
4271,1.0
4272,1.0
4273,1.0
4274,1.0
4275,1.0
4276,1.0
4277,1.0
4278,1.0
4279,1.0
4280,1.0
4281,1.0
4282,1.0
4283,1.0
4284,1.0
4285,1.0
4286,1.0
4287,1.0
4288,1.0
4289,1.0
4290,1.0
4291,1.0
4292,1.0
4293,1.0
4294,1.0
4295,1.0
4296,1.0
4297,1.0
4298,1.0
4299,1.0
4300,1.0
4301,1.0
4302,1.0
4303,1.0
4304,1.0
4305,1.0
4306,1.0
4307,1.0
4308,1.0
4309,1.0
4310,1.0
4311,1.0
4312,1.0
4313,1.0
4314,1.0
4315,1.0
4316,1.0
4317,1.0
4318,1.0
4319,1.0
4320,1.0
4321,1.0
4322,1.0
4323,1.0
4324,1.0
4325,1.0
4326,1.0
4327,1.0
4328,1.0
4329,1.0
4330,1.0
4331,1.0
4332,1.0
4333,1.0
4334,1.0
4335,1.0
4336,1.0
4337,1.0
4338,1.0
4339,1.0
4340,1.0
4341,1.0
4342,1.0
4343,1.0
4344,1.0
4345,1.0
4346,1.0
4347,1.0
4348,1.0
4349,1.0
4350,1.0
4351,1.0
4352,1.0
4353,1.0
4354,1.0
4355,1.0
4356,1.0
4357,1.0
4358,1.0
4359,1.0
4360,1.0
4361,1.0
4362,1.0
4363,1.0
4364,1.0
4365,1.0
4366,1.0
4367,1.0
4368,1.0
4369,1.0
4370,1.0
4371,1.0
4372,1.0
4373,1.0
4374,1.0
4375,1.0
4376,1.0
4377,1.0
4378,1.0
4379,1.0
4380,1.0
4381,1.0
4382,1.0
4383,1.0
4384,1.0
4385,1.0
4386,1.0
4387,1.0
4388,1.0
4389,1.0
4390,1.0
4391,1.0
4392,1.0
4393,1.0
4394,1.0
4395,1.0
4396,1.0
4397,1.0
4398,1.0
4399,1.0
4400,1.0
4401,1.0
